Particulars,Frequency,Unit,Year,Value,outlier
Agricultural Production Plantation Crops Coconut,"Annual, Ending mar Of Each Year",Unit mn,2003,12535.0,True
Agriculture Production Foodgrains Yield Other Cash Crops Onion,"Annual, Ending mar Of Each Year",kg/ha,2003,10416.0,True
Agriculture Production Foodgrains Yield Other Cash Crops Potato,"Annual, Ending mar Of Each Year",kg/ha,2003,18858.0,True
Agriculture Production Foodgrains Yield Other Cash Crops Sugarcane,"Annual, Ending mar Of Each Year",kg/ha,2003,69202.0,True
Agricultural Production Plantation Crops Coconut,"Annual, Ending mar Of Each Year",Unit mn,2004,12178.0,True
Agriculture Production Foodgrains Yield Other Cash Crops Onion,"Annual, Ending mar Of Each Year",kg/ha,2004,10540.0,True
Agriculture Production Foodgrains Yield Other Cash Crops Potato,"Annual, Ending mar Of Each Year",kg/ha,2004,18343.0,True
Agriculture Production Foodgrains Yield Other Cash Crops Sugarcane,"Annual, Ending mar Of Each Year",kg/ha,2004,69065.0,True
Agricultural Production Foodgrains Yield Punjab,"Annual, Ending mar Of Each Year",kg/ha,2004,3929.0,True
Agricultural Production Foodgrains Rice Volume Andhra Pradesh,"Annual, Ending mar Of Each Year",Ton th,2004,8953.0,True
Agricultural Production Foodgrains Rice Volume Assam,"Annual, Ending mar Of Each Year",Ton th,2004,3880.0,True
Agricultural Production Foodgrains Rice Volume Bihar,"Annual, Ending mar Of Each Year",Ton th,2004,5447.8,True
Agricultural Production Foodgrains Rice Volume Chhattisgarh,"Annual, Ending mar Of Each Year",Ton th,2004,5567.6,True
Agricultural Production Foodgrains Rice Volume Orissa,"Annual, Ending mar Of Each Year",Ton th,2004,6733.7,True
Agricultural Production Foodgrains Rice Volume Punjab,"Annual, Ending mar Of Each Year",Ton th,2004,9656.0,True
Agricultural Production Foodgrains Rice Volume Tamil Nadu,"Annual, Ending mar Of Each Year",Ton th,2004,3222.8,True
Agricultural Production Foodgrains Rice Volume Uttar Pradesh,"Annual, Ending mar Of Each Year",Ton th,2004,13018.8,True
Agricultural Production Foodgrains Rice Volume West Bengal,"Annual, Ending mar Of Each Year",Ton th,2004,14662.3,True
Agricultural Production Foodgrains Rice Yield Punjab,"Annual, Ending mar Of Each Year",kg/ha,2004,3694.0,True
Agricultural Production Foodgrains Wheat Volume Bihar,"Annual, Ending mar Of Each Year",Ton th,2004,3688.9,True
Agricultural Production Foodgrains Wheat Volume Haryana,"Annual, Ending mar Of Each Year",Ton th,2004,9114.0,True
Agricultural Production Foodgrains Wheat Volume Madhya Pradesh,"Annual, Ending mar Of Each Year",Ton th,2004,7364.6,True
Agricultural Production Foodgrains Wheat Volume Punjab,"Annual, Ending mar Of Each Year",Ton th,2004,14489.0,True
Agricultural Production Foodgrains Wheat Volume Rajasthan,"Annual, Ending mar Of Each Year",Ton th,2004,5875.8,True
Agricultural Production Foodgrains Wheat Volume Uttar Pradesh,"Annual, Ending mar Of Each Year",Ton th,2004,25566.7,True
Agricultural Production Foodgrains Wheat Yield Haryana,"Annual, Ending mar Of Each Year",kg/ha,2004,3937.0,True
Agricultural Production Foodgrains Wheat Yield Punjab,"Annual, Ending mar Of Each Year",kg/ha,2004,4207.0,True
Agricultural Production Foodgrains Coarse Cereals Volume Andhra Pradesh,"Annual, Ending mar Of Each Year",Ton th,2004,3498.0,True
Agricultural Production Foodgrains Coarse Cereals Volume Karnataka,"Annual, Ending mar Of Each Year",Ton th,2004,3346.4,True
Agricultural Production Foodgrains Coarse Cereals Volume Madhya Pradesh,"Annual, Ending mar Of Each Year",Ton th,2004,3353.8,True
Agricultural Production Foodgrains Coarse Cereals Volume Maharashtra,"Annual, Ending mar Of Each Year",Ton th,2004,4750.0,True
Agricultural Production Foodgrains Coarse Cereals Volume Rajasthan,"Annual, Ending mar Of Each Year",Ton th,2004,9674.8,True
Agricultural Production Foodgrains Coarse Cereals Volume Uttar Pradesh,"Annual, Ending mar Of Each Year",Ton th,2004,3260.7,True
Agricultural Production Plantation Crops Coconut,"Annual, Ending mar Of Each Year",Unit mn,2005,12833.0,True
Agriculture Production Foodgrains Yield Other Cash Crops Onion,"Annual, Ending mar Of Each Year",kg/ha,2005,10416.0,True
Agriculture Production Foodgrains Yield Other Cash Crops Potato,"Annual, Ending mar Of Each Year",kg/ha,2005,18386.0,True
Agriculture Production Foodgrains Yield Other Cash Crops Sugarcane,"Annual, Ending mar Of Each Year",kg/ha,2005,65945.0,True
Agricultural Production Foodgrains Yield Punjab,"Annual, Ending mar Of Each Year",kg/ha,2005,4040.0,True
Agricultural Production Foodgrains Rice Volume Andhra Pradesh,"Annual, Ending mar Of Each Year",Ton th,2005,9601.0,True
Agricultural Production Foodgrains Rice Volume Assam,"Annual, Ending mar Of Each Year",Ton th,2005,3470.7,True
Agricultural Production Foodgrains Rice Volume Chhattisgarh,"Annual, Ending mar Of Each Year",Ton th,2005,4383.3,True
Agricultural Production Foodgrains Rice Volume Karnataka,"Annual, Ending mar Of Each Year",Ton th,2005,3547.0,True
Agricultural Production Foodgrains Rice Volume Orissa,"Annual, Ending mar Of Each Year",Ton th,2005,6466.0,True
Agricultural Production Foodgrains Rice Volume Punjab,"Annual, Ending mar Of Each Year",Ton th,2005,10437.0,True
Agricultural Production Foodgrains Rice Volume Tamil Nadu,"Annual, Ending mar Of Each Year",Ton th,2005,5062.2,True
Agricultural Production Foodgrains Rice Volume Uttar Pradesh,"Annual, Ending mar Of Each Year",Ton th,2005,9555.6,True
Agricultural Production Foodgrains Rice Volume West Bengal,"Annual, Ending mar Of Each Year",Ton th,2005,14884.8,True
Agricultural Production Foodgrains Rice Yield Punjab,"Annual, Ending mar Of Each Year",kg/ha,2005,3943.0,True
Agricultural Production Foodgrains Wheat Volume Bihar,"Annual, Ending mar Of Each Year",Ton th,2005,3263.4,True
Agricultural Production Foodgrains Wheat Volume Haryana,"Annual, Ending mar Of Each Year",Ton th,2005,9058.0,True
Agricultural Production Foodgrains Wheat Volume Madhya Pradesh,"Annual, Ending mar Of Each Year",Ton th,2005,7176.6,True
Agricultural Production Foodgrains Wheat Volume Punjab,"Annual, Ending mar Of Each Year",Ton th,2005,14698.0,True
Agricultural Production Foodgrains Wheat Volume Rajasthan,"Annual, Ending mar Of Each Year",Ton th,2005,5706.6,True
Agricultural Production Foodgrains Wheat Volume Uttar Pradesh,"Annual, Ending mar Of Each Year",Ton th,2005,22513.9,True
Agricultural Production Foodgrains Wheat Yield Haryana,"Annual, Ending mar Of Each Year",kg/ha,2005,3901.0,True
Agricultural Production Foodgrains Wheat Yield Punjab,"Annual, Ending mar Of Each Year",kg/ha,2005,4221.0,True
Agricultural Production Foodgrains Coarse Cereals Volume Karnataka,"Annual, Ending mar Of Each Year",Ton th,2005,5977.0,True
Agricultural Production Foodgrains Coarse Cereals Volume Maharashtra,"Annual, Ending mar Of Each Year",Ton th,2005,5696.7,True
Agricultural Production Foodgrains Coarse Cereals Volume Rajasthan,"Annual, Ending mar Of Each Year",Ton th,2005,4956.4,True
Agricultural Production Foodgrains Coarse Cereals Volume Uttar Pradesh,"Annual, Ending mar Of Each Year",Ton th,2005,3391.8,True
Agricultural Production Plantation Crops Coconut,"Annual, Ending mar Of Each Year",Unit mn,2006,14811.0,True
Agriculture Production Foodgrains Yield Other Cash Crops Onion,"Annual, Ending mar Of Each Year",kg/ha,2006,11678.0,True
Agriculture Production Foodgrains Yield Other Cash Crops Potato,"Annual, Ending mar Of Each Year",kg/ha,2006,17950.0,True
Agriculture Production Foodgrains Yield Other Cash Crops Sugarcane,"Annual, Ending mar Of Each Year",kg/ha,2006,64473.0,True
Agricultural Production Foodgrains Yield Punjab,"Annual, Ending mar Of Each Year",kg/ha,2006,3986.0,True
Agricultural Production Foodgrains Rice Volume Andhra Pradesh,"Annual, Ending mar Of Each Year",Ton th,2006,11704.0,True
Agricultural Production Foodgrains Rice Volume Assam,"Annual, Ending mar Of Each Year",Ton th,2006,3552.5,True
Agricultural Production Foodgrains Rice Volume Bihar,"Annual, Ending mar Of Each Year",Ton th,2006,3495.5,True
Agricultural Production Foodgrains Rice Volume Chhattisgarh,"Annual, Ending mar Of Each Year",Ton th,2006,5011.6,True
Agricultural Production Foodgrains Rice Volume Haryana,"Annual, Ending mar Of Each Year",Ton th,2006,3210.0,True
Agricultural Production Foodgrains Rice Volume Karnataka,"Annual, Ending mar Of Each Year",Ton th,2006,5744.0,True
Agricultural Production Foodgrains Rice Volume Orissa,"Annual, Ending mar Of Each Year",Ton th,2006,6859.0,True
Agricultural Production Foodgrains Rice Volume Punjab,"Annual, Ending mar Of Each Year",Ton th,2006,10193.0,True
Agricultural Production Foodgrains Rice Volume Tamil Nadu,"Annual, Ending mar Of Each Year",Ton th,2006,5220.0,True
Agricultural Production Foodgrains Rice Volume Uttar Pradesh,"Annual, Ending mar Of Each Year",Ton th,2006,11133.7,True
Agricultural Production Foodgrains Rice Volume West Bengal,"Annual, Ending mar Of Each Year",Ton th,2006,14510.8,True
Agricultural Production Foodgrains Rice Yield Karnataka,"Annual, Ending mar Of Each Year",kg/ha,2006,3868.0,True
Agricultural Production Foodgrains Rice Yield Punjab,"Annual, Ending mar Of Each Year",kg/ha,2006,3858.0,True
Agricultural Production Foodgrains Wheat Volume Bihar,"Annual, Ending mar Of Each Year",Ton th,2006,3239.0,True
Agricultural Production Foodgrains Wheat Volume Haryana,"Annual, Ending mar Of Each Year",Ton th,2006,8857.0,True
Agricultural Production Foodgrains Wheat Volume Madhya Pradesh,"Annual, Ending mar Of Each Year",Ton th,2006,5957.7,True
Agricultural Production Foodgrains Wheat Volume Punjab,"Annual, Ending mar Of Each Year",Ton th,2006,14493.0,True
Agricultural Production Foodgrains Wheat Volume Rajasthan,"Annual, Ending mar Of Each Year",Ton th,2006,5865.3,True
Agricultural Production Foodgrains Wheat Volume Uttar Pradesh,"Annual, Ending mar Of Each Year",Ton th,2006,24073.8,True
Agricultural Production Foodgrains Wheat Yield Haryana,"Annual, Ending mar Of Each Year",kg/ha,2006,3844.0,True
Agricultural Production Foodgrains Wheat Yield Punjab,"Annual, Ending mar Of Each Year",kg/ha,2006,4179.0,True
Agricultural Production Foodgrains Coarse Cereals Volume Andhra Pradesh,"Annual, Ending mar Of Each Year",Ton th,2006,3862.0,True
Agricultural Production Foodgrains Coarse Cereals Volume Karnataka,"Annual, Ending mar Of Each Year",Ton th,2006,6564.0,True
Agricultural Production Foodgrains Coarse Cereals Volume Maharashtra,"Annual, Ending mar Of Each Year",Ton th,2006,6087.0,True
Agricultural Production Foodgrains Coarse Cereals Volume Rajasthan,"Annual, Ending mar Of Each Year",Ton th,2006,4528.6,True
Agriculture Production Foodgrains Yield Foodgrains Coarse Cereals Maize Rabi,"Annual, Ending mar Of Each Year",kg/ha,2007,3220.0,True
Agriculture Production Foodgrains Yield Other Cash Crops Onion,"Annual, Ending mar Of Each Year",kg/ha,2007,11987.0,True
Agriculture Production Foodgrains Yield Other Cash Crops Potato,"Annual, Ending mar Of Each Year",kg/ha,2007,16962.0,True
Agriculture Production Foodgrains Yield Other Cash Crops Sugarcane,"Annual, Ending mar Of Each Year",kg/ha,2007,64969.0,True
Agricultural Production Foodgrains Yield Haryana,"Annual, Ending mar Of Each Year",kg/ha,2007,3393.0,True
Agricultural Production Foodgrains Yield Rajasthan,"Annual, Ending mar Of Each Year",kg/ha,2007,4017.0,True
Agricultural Production Foodgrains Rice Volume Andhra Pradesh,"Annual, Ending mar Of Each Year",Ton th,2007,11872.0,True
Agricultural Production Foodgrains Rice Volume Bihar,"Annual, Ending mar Of Each Year",Ton th,2007,4989.3,True
Agricultural Production Foodgrains Rice Volume Chhattisgarh,"Annual, Ending mar Of Each Year",Ton th,2007,5041.4,True
Agricultural Production Foodgrains Rice Volume Haryana,"Annual, Ending mar Of Each Year",Ton th,2007,3371.0,True
Agricultural Production Foodgrains Rice Volume Karnataka,"Annual, Ending mar Of Each Year",Ton th,2007,3446.0,True
Agricultural Production Foodgrains Rice Volume Orissa,"Annual, Ending mar Of Each Year",Ton th,2007,6824.7,True
Agricultural Production Foodgrains Rice Volume Punjab,"Annual, Ending mar Of Each Year",Ton th,2007,10138.0,True
Agricultural Production Foodgrains Rice Volume Tamil Nadu,"Annual, Ending mar Of Each Year",Ton th,2007,6610.6,True
Agricultural Production Foodgrains Rice Volume Uttar Pradesh,"Annual, Ending mar Of Each Year",Ton th,2007,11124.0,True
Agricultural Production Foodgrains Rice Volume West Bengal,"Annual, Ending mar Of Each Year",Ton th,2007,14745.9,True
Agricultural Production Foodgrains Rice Yield Haryana,"Annual, Ending mar Of Each Year",kg/ha,2007,3238.0,True
Agricultural Production Foodgrains Rice Yield Punjab,"Annual, Ending mar Of Each Year",kg/ha,2007,3868.0,True
Agricultural Production Foodgrains Rice Yield Tamil Nadu,"Annual, Ending mar Of Each Year",kg/ha,2007,3423.0,True
Agricultural Production Foodgrains Wheat Volume Bihar,"Annual, Ending mar Of Each Year",Ton th,2007,3911.4,True
Agricultural Production Foodgrains Wheat Volume Haryana,"Annual, Ending mar Of Each Year",Ton th,2007,10055.0,True
Agricultural Production Foodgrains Wheat Volume Madhya Pradesh,"Annual, Ending mar Of Each Year",Ton th,2007,7325.9,True
Agricultural Production Foodgrains Wheat Volume Punjab,"Annual, Ending mar Of Each Year",Ton th,2007,14596.0,True
Agricultural Production Foodgrains Wheat Volume Rajasthan,"Annual, Ending mar Of Each Year",Ton th,2007,7055.8,True
Agricultural Production Foodgrains Wheat Volume Uttar Pradesh,"Annual, Ending mar Of Each Year",Ton th,2007,25031.0,True
Agricultural Production Foodgrains Wheat Yield Haryana,"Annual, Ending mar Of Each Year",kg/ha,2007,4232.0,True
Agricultural Production Foodgrains Wheat Yield Punjab,"Annual, Ending mar Of Each Year",kg/ha,2007,4210.0,True
Agricultural Production Foodgrains Coarse Cereals Volume Karnataka,"Annual, Ending mar Of Each Year",Ton th,2007,5055.0,True
Agricultural Production Foodgrains Coarse Cereals Volume Maharashtra,"Annual, Ending mar Of Each Year",Ton th,2007,6141.0,True
Agricultural Production Foodgrains Coarse Cereals Volume Rajasthan,"Annual, Ending mar Of Each Year",Ton th,2007,5501.9,True
Agriculture Production Foodgrains Yield Foodgrains Coarse Cereals Maize Rabi,"Annual, Ending mar Of Each Year",kg/ha,2008,3421.0,True
Agriculture Production Foodgrains Yield Other Cash Crops Onion,"Annual, Ending mar Of Each Year",kg/ha,2008,12520.0,True
Agriculture Production Foodgrains Yield Other Cash Crops Potato,"Annual, Ending mar Of Each Year",kg/ha,2008,17207.0,True
Agriculture Production Foodgrains Yield Other Cash Crops Sugarcane,"Annual, Ending mar Of Each Year",kg/ha,2008,66151.0,True
Agricultural Production Foodgrains Yield Haryana,"Annual, Ending mar Of Each Year",kg/ha,2008,3420.0,True
Agricultural Production Foodgrains Yield Punjab,"Annual, Ending mar Of Each Year",kg/ha,2008,4255.0,True
Agricultural Production Foodgrains Rice Volume Andhra Pradesh,"Annual, Ending mar Of Each Year",Ton th,2008,13324.0,True
Agricultural Production Foodgrains Rice Volume Assam,"Annual, Ending mar Of Each Year",Ton th,2008,3319.0,True
Agricultural Production Foodgrains Rice Volume Bihar,"Annual, Ending mar Of Each Year",Ton th,2008,4418.1,True
Agricultural Production Foodgrains Rice Volume Chhattisgarh,"Annual, Ending mar Of Each Year",Ton th,2008,5426.6,True
Agricultural Production Foodgrains Rice Volume Haryana,"Annual, Ending mar Of Each Year",Ton th,2008,3613.0,True
Agricultural Production Foodgrains Rice Volume Jharkhand,"Annual, Ending mar Of Each Year",Ton th,2008,3336.4,True
Agricultural Production Foodgrains Rice Volume Karnataka,"Annual, Ending mar Of Each Year",Ton th,2008,3717.0,True
Agricultural Production Foodgrains Rice Volume Orissa,"Annual, Ending mar Of Each Year",Ton th,2008,7540.7,True
Agricultural Production Foodgrains Rice Volume Punjab,"Annual, Ending mar Of Each Year",Ton th,2008,10489.0,True
Agricultural Production Foodgrains Rice Volume Tamil Nadu,"Annual, Ending mar Of Each Year",Ton th,2008,5040.2,True
Agricultural Production Foodgrains Rice Volume Uttar Pradesh,"Annual, Ending mar Of Each Year",Ton th,2008,11780.0,True
Agricultural Production Foodgrains Rice Volume West Bengal,"Annual, Ending mar Of Each Year",Ton th,2008,14719.5,True
Agricultural Production Foodgrains Rice Yield Andhra Pradesh,"Annual, Ending mar Of Each Year",kg/ha,2008,3344.0,True
Agricultural Production Foodgrains Rice Yield Haryana,"Annual, Ending mar Of Each Year",kg/ha,2008,3361.0,True
Agricultural Production Foodgrains Rice Yield Punjab,"Annual, Ending mar Of Each Year",kg/ha,2008,4019.0,True
Agricultural Production Foodgrains Wheat Volume Bihar,"Annual, Ending mar Of Each Year",Ton th,2008,4450.4,True
Agricultural Production Foodgrains Wheat Volume Gujarat,"Annual, Ending mar Of Each Year",Ton th,2008,3838.0,True
Agricultural Production Foodgrains Wheat Volume Haryana,"Annual, Ending mar Of Each Year",Ton th,2008,10236.0,True
Agricultural Production Foodgrains Wheat Volume Madhya Pradesh,"Annual, Ending mar Of Each Year",Ton th,2008,6032.5,True
Agricultural Production Foodgrains Wheat Volume Punjab,"Annual, Ending mar Of Each Year",Ton th,2008,15720.0,True
Agricultural Production Foodgrains Wheat Volume Rajasthan,"Annual, Ending mar Of Each Year",Ton th,2008,7124.9,True
Agricultural Production Foodgrains Wheat Volume Uttar Pradesh,"Annual, Ending mar Of Each Year",Ton th,2008,25679.0,True
Agricultural Production Foodgrains Wheat Yield Haryana,"Annual, Ending mar Of Each Year",kg/ha,2008,4158.0,True
Agricultural Production Foodgrains Wheat Yield Punjab,"Annual, Ending mar Of Each Year",kg/ha,2008,4507.0,True
Agricultural Production Foodgrains Coarse Cereals Volume Andhra Pradesh,"Annual, Ending mar Of Each Year",Ton th,2008,4274.0,True
Agricultural Production Foodgrains Coarse Cereals Volume Karnataka,"Annual, Ending mar Of Each Year",Ton th,2008,6943.0,True
Agricultural Production Foodgrains Coarse Cereals Volume Maharashtra,"Annual, Ending mar Of Each Year",Ton th,2008,7093.0,True
Agricultural Production Foodgrains Coarse Cereals Volume Rajasthan,"Annual, Ending mar Of Each Year",Ton th,2008,7121.4,True
Agricultural Production Foodgrains Coarse Cereals Yield Andhra Pradesh,"Annual, Ending mar Of Each Year",kg/ha,2008,3336.0,True
Agricultural Production Foodgrains Coarse Cereals Yield Punjab,"Annual, Ending mar Of Each Year",kg/ha,2008,3311.0,True
Agriculture Production Foodgrains Yield Foodgrains Coarse Cereals Maize Rabi,"Annual, Ending mar Of Each Year",kg/ha,2009,3741.0,True
Agriculture Production Foodgrains Yield Other Cash Crops Jute and Mesta,"Annual, Ending mar Of Each Year",kg/ha,2009,6010.0,True
Agriculture Production Foodgrains Yield Other Cash Crops Onion,"Annual, Ending mar Of Each Year",kg/ha,2009,12520.0,True
Agriculture Production Foodgrains Yield Other Cash Crops Potato,"Annual, Ending mar Of Each Year",kg/ha,2009,17207.0,True
Agriculture Production Foodgrains Yield Other Cash Crops Sugarcane,"Annual, Ending mar Of Each Year",kg/ha,2009,67024.0,True
Agricultural Production Foodgrains Yield Haryana,"Annual, Ending mar Of Each Year",kg/ha,2009,3388.0,True
Agricultural Production Foodgrains Yield Punjab,"Annual, Ending mar Of Each Year",kg/ha,2009,4231.0,True
Agricultural Production Foodgrains Rice Volume Andhra Pradesh,"Annual, Ending mar Of Each Year",Ton th,2009,14241.0,True
Agricultural Production Foodgrains Rice Volume Assam,"Annual, Ending mar Of Each Year",Ton th,2009,4008.5,True
Agricultural Production Foodgrains Rice Volume Bihar,"Annual, Ending mar Of Each Year",Ton th,2009,5590.3,True
Agricultural Production Foodgrains Rice Volume Chhattisgarh,"Annual, Ending mar Of Each Year",Ton th,2009,4391.8,True
Agricultural Production Foodgrains Rice Volume Haryana,"Annual, Ending mar Of Each Year",Ton th,2009,3298.0,True
Agricultural Production Foodgrains Rice Volume Jharkhand,"Annual, Ending mar Of Each Year",Ton th,2009,3420.2,True
Agricultural Production Foodgrains Rice Volume Karnataka,"Annual, Ending mar Of Each Year",Ton th,2009,3802.0,True
Agricultural Production Foodgrains Rice Volume Orissa,"Annual, Ending mar Of Each Year",Ton th,2009,6812.7,True
Agricultural Production Foodgrains Rice Volume Punjab,"Annual, Ending mar Of Each Year",Ton th,2009,11000.0,True
Agricultural Production Foodgrains Rice Volume Tamil Nadu,"Annual, Ending mar Of Each Year",Ton th,2009,5182.7,True
Agricultural Production Foodgrains Rice Volume Uttar Pradesh,"Annual, Ending mar Of Each Year",Ton th,2009,13097.0,True
Agricultural Production Foodgrains Rice Volume West Bengal,"Annual, Ending mar Of Each Year",Ton th,2009,15037.2,True
Agricultural Production Foodgrains Rice Yield Andhra Pradesh,"Annual, Ending mar Of Each Year",kg/ha,2009,3246.0,True
Agricultural Production Foodgrains Rice Yield Punjab,"Annual, Ending mar Of Each Year",kg/ha,2009,4022.0,True
Agricultural Production Foodgrains Wheat Volume Bihar,"Annual, Ending mar Of Each Year",Ton th,2009,4410.0,True
Agricultural Production Foodgrains Wheat Volume Haryana,"Annual, Ending mar Of Each Year",Ton th,2009,10808.2,True
Agricultural Production Foodgrains Wheat Volume Madhya Pradesh,"Annual, Ending mar Of Each Year",Ton th,2009,6521.9,True
Agricultural Production Foodgrains Wheat Volume Punjab,"Annual, Ending mar Of Each Year",Ton th,2009,15733.0,True
Agricultural Production Foodgrains Wheat Volume Rajasthan,"Annual, Ending mar Of Each Year",Ton th,2009,7287.0,True
Agricultural Production Foodgrains Wheat Volume Uttar Pradesh,"Annual, Ending mar Of Each Year",Ton th,2009,28554.0,True
Agricultural Production Foodgrains Wheat Yield Haryana,"Annual, Ending mar Of Each Year",kg/ha,2009,4390.0,True
Agricultural Production Foodgrains Wheat Yield Punjab,"Annual, Ending mar Of Each Year",kg/ha,2009,4462.0,True
Agricultural Production Foodgrains Coarse Cereals Volume Andhra Pradesh,"Annual, Ending mar Of Each Year",Ton th,2009,4716.0,True
Agricultural Production Foodgrains Coarse Cereals Volume Karnataka,"Annual, Ending mar Of Each Year",Ton th,2009,6254.0,True
Agricultural Production Foodgrains Coarse Cereals Volume Maharashtra,"Annual, Ending mar Of Each Year",Ton th,2009,5971.6,True
Agricultural Production Foodgrains Coarse Cereals Volume Rajasthan,"Annual, Ending mar Of Each Year",Ton th,2009,7325.7,True
Agricultural Production Foodgrains Coarse Cereals Yield Andhra Pradesh,"Annual, Ending mar Of Each Year",kg/ha,2009,3713.0,True
Agricultural Production Foodgrains Coarse Cereals Yield Punjab,"Annual, Ending mar Of Each Year",kg/ha,2009,3284.0,True
Agricultural Production Foodgrains Coarse Cereals Yield West Bengal,"Annual, Ending mar Of Each Year",kg/ha,2009,3319.0,True
Agriculture Production Foodgrains Yield Foodgrains Coarse Cereals Maize Rabi,"Annual, Ending mar Of Each Year",kg/ha,2010,3813.0,True
Agriculture Production Foodgrains Yield Other Cash Crops Sugarcane,"Annual, Ending mar Of Each Year",kg/ha,2010,67929.0,True
Agricultural Production Foodgrains Yield Haryana,"Annual, Ending mar Of Each Year",kg/ha,2010,3383.0,True
Agricultural Production Foodgrains Yield Punjab,"Annual, Ending mar Of Each Year",kg/ha,2010,4144.0,True
Agricultural Production Foodgrains Rice Volume Andhra Pradesh,"Annual, Ending mar Of Each Year",Ton th,2010,10538.0,True
Agricultural Production Foodgrains Rice Volume Assam,"Annual, Ending mar Of Each Year",Ton th,2010,4335.8,True
Agricultural Production Foodgrains Rice Volume Bihar,"Annual, Ending mar Of Each Year",Ton th,2010,3599.3,True
Agricultural Production Foodgrains Rice Volume Chhattisgarh,"Annual, Ending mar Of Each Year",Ton th,2010,4110.4,True
Agricultural Production Foodgrains Rice Volume Haryana,"Annual, Ending mar Of Each Year",Ton th,2010,3625.0,True
Agricultural Production Foodgrains Rice Volume Karnataka,"Annual, Ending mar Of Each Year",Ton th,2010,3691.0,True
Agricultural Production Foodgrains Rice Volume Orissa,"Annual, Ending mar Of Each Year",Ton th,2010,6917.5,True
Agricultural Production Foodgrains Rice Volume Punjab,"Annual, Ending mar Of Each Year",Ton th,2010,11236.0,True
Agricultural Production Foodgrains Rice Volume Tamil Nadu,"Annual, Ending mar Of Each Year",Ton th,2010,5665.2,True
Agricultural Production Foodgrains Rice Volume Uttar Pradesh,"Annual, Ending mar Of Each Year",Ton th,2010,10807.1,True
Agricultural Production Foodgrains Rice Volume West Bengal,"Annual, Ending mar Of Each Year",Ton th,2010,14340.7,True
Agricultural Production Foodgrains Rice Yield Punjab,"Annual, Ending mar Of Each Year",kg/ha,2010,4010.0,True
Agricultural Production Foodgrains Wheat Volume Bihar,"Annual, Ending mar Of Each Year",Ton th,2010,4570.8,True
Agricultural Production Foodgrains Wheat Volume Haryana,"Annual, Ending mar Of Each Year",Ton th,2010,10500.0,True
Agricultural Production Foodgrains Wheat Volume Madhya Pradesh,"Annual, Ending mar Of Each Year",Ton th,2010,8410.0,True
Agricultural Production Foodgrains Wheat Volume Punjab,"Annual, Ending mar Of Each Year",Ton th,2010,15169.0,True
Agricultural Production Foodgrains Wheat Volume Rajasthan,"Annual, Ending mar Of Each Year",Ton th,2010,7500.9,True
Agricultural Production Foodgrains Wheat Volume Uttar Pradesh,"Annual, Ending mar Of Each Year",Ton th,2010,27518.0,True
Agricultural Production Foodgrains Wheat Yield Haryana,"Annual, Ending mar Of Each Year",kg/ha,2010,4213.0,True
Agricultural Production Foodgrains Wheat Yield Punjab,"Annual, Ending mar Of Each Year",kg/ha,2010,4307.0,True
Agricultural Production Foodgrains Coarse Cereals Volume Andhra Pradesh,"Annual, Ending mar Of Each Year",Ton th,2010,3318.0,True
Agricultural Production Foodgrains Coarse Cereals Volume Karnataka,"Annual, Ending mar Of Each Year",Ton th,2010,5895.0,True
Agricultural Production Foodgrains Coarse Cereals Volume Maharashtra,"Annual, Ending mar Of Each Year",Ton th,2010,6293.3,True
Agricultural Production Foodgrains Coarse Cereals Volume Rajasthan,"Annual, Ending mar Of Each Year",Ton th,2010,3907.2,True
Agricultural Production Foodgrains Coarse Cereals Yield Punjab,"Annual, Ending mar Of Each Year",kg/ha,2010,3315.0,True
Agricultural Production Foodgrains Coarse Cereals Yield West Bengal,"Annual, Ending mar Of Each Year",kg/ha,2010,3531.0,True
Agriculture Production Foodgrains Yield Foodgrains Coarse Cereals Maize Rabi,"Annual, Ending mar Of Each Year",kg/ha,2011,3963.0,True
Agriculture Production Foodgrains Yield Other Cash Crops Sugarcane,"Annual, Ending mar Of Each Year",kg/ha,2011,68554.0,True
Agricultural Production Foodgrains Yield Haryana,"Annual, Ending mar Of Each Year",kg/ha,2011,3526.0,True
Agricultural Production Foodgrains Yield Punjab,"Annual, Ending mar Of Each Year",kg/ha,2011,4280.0,True
Agricultural Production Foodgrains Rice Volume Andhra Pradesh,"Annual, Ending mar Of Each Year",Ton th,2011,14418.0,True
Agricultural Production Foodgrains Rice Volume Assam,"Annual, Ending mar Of Each Year",Ton th,2011,4737.0,True
Agricultural Production Foodgrains Rice Volume Chhattisgarh,"Annual, Ending mar Of Each Year",Ton th,2011,6159.0,True
Agricultural Production Foodgrains Rice Volume Haryana,"Annual, Ending mar Of Each Year",Ton th,2011,3472.0,True
Agricultural Production Foodgrains Rice Volume Karnataka,"Annual, Ending mar Of Each Year",Ton th,2011,4188.0,True
Agricultural Production Foodgrains Rice Volume Orissa,"Annual, Ending mar Of Each Year",Ton th,2011,6828.0,True
Agricultural Production Foodgrains Rice Volume Punjab,"Annual, Ending mar Of Each Year",Ton th,2011,10837.0,True
Agricultural Production Foodgrains Rice Volume Tamil Nadu,"Annual, Ending mar Of Each Year",Ton th,2011,5792.0,True
Agricultural Production Foodgrains Rice Volume Uttar Pradesh,"Annual, Ending mar Of Each Year",Ton th,2011,11992.0,True
Agricultural Production Foodgrains Rice Volume West Bengal,"Annual, Ending mar Of Each Year",Ton th,2011,13046.0,True
Agricultural Production Foodgrains Rice Yield Punjab,"Annual, Ending mar Of Each Year",kg/ha,2011,3830.0,True
Agricultural Production Foodgrains Wheat Volume Bihar,"Annual, Ending mar Of Each Year",Ton th,2011,4098.0,True
Agricultural Production Foodgrains Wheat Volume Gujarat,"Annual, Ending mar Of Each Year",Ton th,2011,4020.0,True
Agricultural Production Foodgrains Wheat Volume Haryana,"Annual, Ending mar Of Each Year",Ton th,2011,11630.0,True
Agricultural Production Foodgrains Wheat Volume Madhya Pradesh,"Annual, Ending mar Of Each Year",Ton th,2011,7627.0,True
Agricultural Production Foodgrains Wheat Volume Punjab,"Annual, Ending mar Of Each Year",Ton th,2011,16472.0,True
Agricultural Production Foodgrains Wheat Volume Rajasthan,"Annual, Ending mar Of Each Year",Ton th,2011,7215.0,True
Agricultural Production Foodgrains Wheat Volume Uttar Pradesh,"Annual, Ending mar Of Each Year",Ton th,2011,30001.0,True
Agricultural Production Foodgrains Wheat Yield Haryana,"Annual, Ending mar Of Each Year",kg/ha,2011,4624.0,True
Agricultural Production Foodgrains Wheat Yield Punjab,"Annual, Ending mar Of Each Year",kg/ha,2011,4693.0,True
Agricultural Production Foodgrains Coarse Cereals Volume Andhra Pradesh,"Annual, Ending mar Of Each Year",Ton th,2011,4348.8,True
Agricultural Production Foodgrains Coarse Cereals Volume Karnataka,"Annual, Ending mar Of Each Year",Ton th,2011,7501.0,True
Agricultural Production Foodgrains Coarse Cereals Volume Maharashtra,"Annual, Ending mar Of Each Year",Ton th,2011,6959.0,True
Agricultural Production Foodgrains Coarse Cereals Volume Rajasthan,"Annual, Ending mar Of Each Year",Ton th,2011,7995.5,True
Agricultural Production Foodgrains Coarse Cereals Volume Uttar Pradesh,"Annual, Ending mar Of Each Year",Ton th,2011,3216.6,True
Agricultural Production Foodgrains Coarse Cereals Yield Andhra Pradesh,"Annual, Ending mar Of Each Year",kg/ha,2011,3895.0,True
Agricultural Production Foodgrains Coarse Cereals Yield Punjab,"Annual, Ending mar Of Each Year",kg/ha,2011,3600.0,True
Agricultural Production Foodgrains Coarse Cereals Yield West Bengal,"Annual, Ending mar Of Each Year",kg/ha,2011,3700.0,True
Agriculture Production Foodgrains Yield Foodgrains Coarse Cereals Maize Rabi,"Annual, Ending mar Of Each Year",kg/ha,2012,3944.0,True
Agriculture Production Foodgrains Yield Other Cash Crops Sugarcane,"Annual, Ending mar Of Each Year",kg/ha,2012,69118.0,True
Agricultural Production Foodgrains Yield Haryana,"Annual, Ending mar Of Each Year",kg/ha,2012,3879.0,True
Agricultural Production Foodgrains Yield Punjab,"Annual, Ending mar Of Each Year",kg/ha,2012,4364.0,True
Agricultural Production Foodgrains Rice Volume Andhra Pradesh,"Annual, Ending mar Of Each Year",Ton th,2012,12900.0,True
Agricultural Production Foodgrains Rice Volume Assam,"Annual, Ending mar Of Each Year",Ton th,2012,4520.0,True
Agricultural Production Foodgrains Rice Volume Bihar,"Annual, Ending mar Of Each Year",Ton th,2012,7160.0,True
Agricultural Production Foodgrains Rice Volume Chhattisgarh,"Annual, Ending mar Of Each Year",Ton th,2012,6030.0,True
Agricultural Production Foodgrains Rice Volume Haryana,"Annual, Ending mar Of Each Year",Ton th,2012,3760.0,True
Agricultural Production Foodgrains Rice Volume Karnataka,"Annual, Ending mar Of Each Year",Ton th,2012,3960.0,True
Agricultural Production Foodgrains Rice Volume Orissa,"Annual, Ending mar Of Each Year",Ton th,2012,6830.0,True
Agricultural Production Foodgrains Rice Volume Punjab,"Annual, Ending mar Of Each Year",Ton th,2012,10540.0,True
Agricultural Production Foodgrains Rice Volume Tamil Nadu,"Annual, Ending mar Of Each Year",Ton th,2012,7460.0,True
Agricultural Production Foodgrains Rice Volume Uttar Pradesh,"Annual, Ending mar Of Each Year",Ton th,2012,14020.0,True
Agricultural Production Foodgrains Rice Volume West Bengal,"Annual, Ending mar Of Each Year",Ton th,2012,14610.0,True
Agricultural Production Foodgrains Rice Yield Punjab,"Annual, Ending mar Of Each Year",kg/ha,2012,3738.0,True
Agricultural Production Foodgrains Rice Yield Tamil Nadu,"Annual, Ending mar Of Each Year",kg/ha,2012,3926.0,True
Agricultural Production Foodgrains Wheat Volume Bihar,"Annual, Ending mar Of Each Year",Ton th,2012,4730.0,True
Agricultural Production Foodgrains Wheat Volume Gujarat,"Annual, Ending mar Of Each Year",Ton th,2012,4070.0,True
Agricultural Production Foodgrains Wheat Volume Haryana,"Annual, Ending mar Of Each Year",Ton th,2012,12690.0,True
Agricultural Production Foodgrains Wheat Volume Madhya Pradesh,"Annual, Ending mar Of Each Year",Ton th,2012,11540.0,True
Agricultural Production Foodgrains Wheat Volume Punjab,"Annual, Ending mar Of Each Year",Ton th,2012,17280.0,True
Agricultural Production Foodgrains Wheat Volume Rajasthan,"Annual, Ending mar Of Each Year",Ton th,2012,9320.0,True
Agricultural Production Foodgrains Wheat Volume Uttar Pradesh,"Annual, Ending mar Of Each Year",Ton th,2012,30290.0,True
Agricultural Production Foodgrains Wheat Yield Haryana,"Annual, Ending mar Of Each Year",kg/ha,2012,5030.0,True
Agricultural Production Foodgrains Wheat Yield Punjab,"Annual, Ending mar Of Each Year",kg/ha,2012,4898.0,True
Agricultural Production Foodgrains Coarse Cereals Volume Andhra Pradesh,"Annual, Ending mar Of Each Year",Ton th,2012,4230.0,True
Agricultural Production Foodgrains Coarse Cereals Volume Karnataka,"Annual, Ending mar Of Each Year",Ton th,2012,6810.0,True
Agricultural Production Foodgrains Coarse Cereals Volume Maharashtra,"Annual, Ending mar Of Each Year",Ton th,2012,6120.0,True
Agricultural Production Foodgrains Coarse Cereals Volume Rajasthan,"Annual, Ending mar Of Each Year",Ton th,2012,7460.0,True
Agricultural Production Foodgrains Coarse Cereals Volume Uttar Pradesh,"Annual, Ending mar Of Each Year",Ton th,2012,3570.0,True
Agricultural Production Foodgrains Coarse Cereals Yield Andhra Pradesh,"Annual, Ending mar Of Each Year",kg/ha,2012,3384.0,True
Agricultural Production Foodgrains Coarse Cereals Yield Punjab,"Annual, Ending mar Of Each Year",kg/ha,2012,3929.0,True
Agricultural Production Foodgrains Coarse Cereals Yield Tamil Nadu,"Annual, Ending mar Of Each Year",kg/ha,2012,3625.0,True
Agricultural Production Foodgrains Coarse Cereals Yield West Bengal,"Annual, Ending mar Of Each Year",kg/ha,2012,3455.0,True
Agricultural Production Foodgrains Yield Haryana,"Annual, Ending mar Of Each Year",kg/ha,2013,3698.0,True
Agricultural Production Foodgrains Yield Punjab,"Annual, Ending mar Of Each Year",kg/ha,2013,4258.0,True
Agricultural Production Foodgrains Rice Volume Andhra Pradesh,"Annual, Ending mar Of Each Year",Ton th,2013,10910.0,True
Agricultural Production Foodgrains Rice Volume Assam,"Annual, Ending mar Of Each Year",Ton th,2013,4560.0,True
Agricultural Production Foodgrains Rice Volume Bihar,"Annual, Ending mar Of Each Year",Ton th,2013,7340.0,True
Agricultural Production Foodgrains Rice Volume Chhattisgarh,"Annual, Ending mar Of Each Year",Ton th,2013,6610.0,True
Agricultural Production Foodgrains Rice Volume Haryana,"Annual, Ending mar Of Each Year",Ton th,2013,3980.0,True
Agricultural Production Foodgrains Rice Volume Karnataka,"Annual, Ending mar Of Each Year",Ton th,2013,3280.0,True
Agricultural Production Foodgrains Rice Volume Orissa,"Annual, Ending mar Of Each Year",Ton th,2013,7640.0,True
Agricultural Production Foodgrains Rice Volume Punjab,"Annual, Ending mar Of Each Year",Ton th,2013,11370.0,True
Agricultural Production Foodgrains Rice Volume Tamil Nadu,"Annual, Ending mar Of Each Year",Ton th,2013,4400.0,True
Agricultural Production Foodgrains Rice Volume Uttar Pradesh,"Annual, Ending mar Of Each Year",Ton th,2013,14410.0,True
Agricultural Production Foodgrains Rice Volume West Bengal,"Annual, Ending mar Of Each Year",Ton th,2013,14960.0,True
Agricultural Production Foodgrains Rice Yield Haryana,"Annual, Ending mar Of Each Year",kg/ha,2013,3262.0,True
Agricultural Production Foodgrains Rice Yield Punjab,"Annual, Ending mar Of Each Year",kg/ha,2013,3989.0,True
Agricultural Production Foodgrains Wheat Volume Bihar,"Annual, Ending mar Of Each Year",Ton th,2013,5380.0,True
Agricultural Production Foodgrains Wheat Volume Haryana,"Annual, Ending mar Of Each Year",Ton th,2013,11120.0,True
Agricultural Production Foodgrains Wheat Volume Madhya Pradesh,"Annual, Ending mar Of Each Year",Ton th,2013,13130.0,True
Agricultural Production Foodgrains Wheat Volume Punjab,"Annual, Ending mar Of Each Year",Ton th,2013,16110.0,True
Agricultural Production Foodgrains Wheat Volume Rajasthan,"Annual, Ending mar Of Each Year",Ton th,2013,8950.0,True
Agricultural Production Foodgrains Wheat Volume Uttar Pradesh,"Annual, Ending mar Of Each Year",Ton th,2013,30300.0,True
Agricultural Production Foodgrains Wheat Yield Haryana,"Annual, Ending mar Of Each Year",kg/ha,2013,4452.0,True
Agricultural Production Foodgrains Wheat Yield Punjab,"Annual, Ending mar Of Each Year",kg/ha,2013,4573.0,True
Agricultural Production Foodgrains Coarse Cereals Volume Andhra Pradesh,"Annual, Ending mar Of Each Year",Ton th,2013,5440.0,True
Agricultural Production Foodgrains Coarse Cereals Volume Karnataka,"Annual, Ending mar Of Each Year",Ton th,2013,6150.0,True
Agricultural Production Foodgrains Coarse Cereals Volume Maharashtra,"Annual, Ending mar Of Each Year",Ton th,2013,4360.0,True
Agricultural Production Foodgrains Coarse Cereals Volume Rajasthan,"Annual, Ending mar Of Each Year",Ton th,2013,6910.0,True
Agricultural Production Foodgrains Coarse Cereals Volume Uttar Pradesh,"Annual, Ending mar Of Each Year",Ton th,2013,3690.0,True
Agricultural Production Foodgrains Coarse Cereals Yield Andhra Pradesh,"Annual, Ending mar Of Each Year",kg/ha,2013,3858.0,True
Agricultural Production Foodgrains Coarse Cereals Yield Bihar,"Annual, Ending mar Of Each Year",kg/ha,2013,3292.0,True
Agricultural Production Foodgrains Coarse Cereals Yield Punjab,"Annual, Ending mar Of Each Year",kg/ha,2013,3533.0,True
Agricultural Production Foodgrains Coarse Cereals Yield West Bengal,"Annual, Ending mar Of Each Year",kg/ha,2013,5250.0,True
