school,sex,age,address,famsize,Pstatus,Medu,Fedu,Mjob,Fjob,reason,guardian_math,traveltime_math,studytime_math,failures_math,schoolsup_math,famsup_math,paid_math,activities_math,nursery,higher_math,internet,romantic_math,famrel_math,freetime_math,goout_math,Dalc_math,Walc_math,health_math,absences_math,G1_math,G2_math,G3_math,guardian_por,traveltime_por,studytime_por,failures_por,schoolsup_por,famsup_por,paid_por,activities_por,higher_por,romantic_por,famrel_por,freetime_por,goout_por,Dalc_por,Walc_por,health_por,absences_por,G1_por,G2_por,G3_por,student_id,avg_final_grade,avg_mid_grade,avg_absences,performance_level,grade_outlier
GP,F,18,U,GT3,A,4,4,at_home,teacher,course,mother,2,2,0,yes,no,no,no,yes,yes,no,no,4,3,4,1,1,3,6,5,6,6,mother,2,2,0,yes,no,no,no,yes,no,4,3,4,1,1,3,4,0,11,11,S001,8.5,5.5,5.0,Needs Improvement,False
GP,F,17,U,GT3,T,1,1,at_home,other,course,father,1,2,0,no,yes,no,no,no,yes,yes,no,5,3,3,1,1,3,4,5,5,6,father,1,2,0,no,yes,no,no,yes,no,5,3,3,1,1,3,2,9,11,11,S002,8.5,7.5,3.0,Needs Improvement,False
GP,F,15,U,LE3,T,1,1,at_home,other,other,mother,1,2,3,yes,no,yes,no,yes,yes,yes,no,4,3,2,2,3,3,10,7,8,10,mother,1,2,0,yes,no,no,no,yes,no,4,3,2,2,3,3,6,12,13,12,S003,11.0,10.0,8.0,Average,False
GP,F,15,U,GT3,T,4,2,health,services,home,mother,1,3,0,no,yes,yes,yes,yes,yes,yes,yes,3,2,2,1,1,5,2,15,14,15,mother,1,3,0,no,yes,no,yes,yes,yes,3,2,2,1,1,5,0,14,14,14,S004,14.5,14.25,1.0,Good,False
GP,F,16,U,GT3,T,3,3,other,other,home,father,1,2,0,no,yes,yes,no,yes,yes,no,no,4,3,2,1,2,5,4,6,10,10,father,1,2,0,no,yes,no,no,yes,no,4,3,2,1,2,5,0,11,13,13,S005,11.5,10.0,2.0,Average,False
GP,M,16,U,LE3,T,4,3,services,other,reputation,mother,1,2,0,no,yes,yes,yes,yes,yes,yes,no,5,4,2,1,2,5,10,15,15,15,mother,1,2,0,no,yes,no,yes,yes,no,5,4,2,1,2,5,6,12,12,13,S006,14.0,13.5,8.0,Good,False
GP,M,16,U,LE3,T,2,2,other,other,home,mother,1,2,0,no,no,no,no,yes,yes,yes,no,4,4,4,1,1,3,0,12,12,11,mother,1,2,0,no,no,no,no,yes,no,4,4,4,1,1,3,0,13,12,13,S007,12.0,12.25,0.0,Average,False
GP,F,17,U,GT3,A,4,4,other,teacher,home,mother,2,2,0,yes,yes,no,no,yes,yes,no,no,4,1,4,1,1,1,6,6,5,6,mother,2,2,0,yes,yes,no,no,yes,no,4,1,4,1,1,1,2,10,13,13,S008,9.5,8.5,4.0,Average,False
GP,M,15,U,LE3,A,3,2,services,other,home,mother,1,2,0,no,yes,yes,no,yes,yes,yes,no,4,2,2,1,1,1,0,16,18,19,mother,1,2,0,no,yes,no,no,yes,no,4,2,2,1,1,1,0,15,16,17,S009,18.0,16.25,0.0,Excellent,False
GP,M,15,U,GT3,T,3,4,other,other,home,mother,1,2,0,no,yes,yes,yes,yes,yes,yes,no,5,5,1,1,1,5,0,14,15,15,mother,1,2,0,no,yes,no,yes,yes,no,5,5,1,1,1,5,0,12,12,13,S010,14.0,13.25,0.0,Good,False
GP,F,15,U,GT3,T,4,4,teacher,health,reputation,mother,1,2,0,no,yes,yes,no,yes,yes,yes,no,3,3,3,1,2,2,0,10,8,9,mother,1,2,0,no,yes,no,no,yes,no,3,3,3,1,2,2,2,14,14,14,S011,11.5,11.5,1.0,Average,False
GP,F,15,U,GT3,T,2,1,services,other,reputation,father,3,3,0,no,yes,no,yes,yes,yes,yes,no,5,2,2,1,1,4,4,10,12,12,father,3,3,0,no,yes,no,yes,yes,no,5,2,2,1,1,4,0,10,12,13,S012,12.5,11.0,2.0,Average,False
GP,M,15,U,LE3,T,4,4,health,services,course,father,1,1,0,no,yes,yes,yes,yes,yes,yes,no,4,3,3,1,3,5,2,14,14,14,father,1,1,0,no,yes,no,yes,yes,no,4,3,3,1,3,5,0,12,13,12,S013,13.0,13.25,1.0,Average,False
GP,M,15,U,GT3,T,4,3,teacher,other,course,mother,2,2,0,no,yes,yes,no,yes,yes,yes,no,5,4,3,1,2,3,2,10,10,11,mother,2,2,0,no,yes,no,no,yes,no,5,4,3,1,2,3,0,12,12,13,S014,12.0,11.0,1.0,Average,False
GP,M,15,U,GT3,A,2,2,other,other,home,other,1,3,0,no,yes,no,no,yes,yes,yes,yes,4,5,2,1,1,3,0,14,16,16,other,1,3,0,no,yes,no,no,yes,yes,4,5,2,1,1,3,0,14,14,15,S015,15.5,14.5,0.0,Good,False
GP,F,16,U,GT3,T,4,4,health,other,home,mother,1,1,0,no,yes,no,no,yes,yes,yes,no,4,4,4,1,2,2,4,14,14,14,mother,1,1,0,no,yes,no,no,yes,no,4,4,4,1,2,2,6,17,17,17,S016,15.5,15.5,5.0,Good,False
GP,F,16,U,GT3,T,4,4,services,services,reputation,mother,1,3,0,no,yes,yes,yes,yes,yes,yes,no,3,2,3,1,2,2,6,13,14,14,mother,1,3,0,no,yes,no,yes,yes,no,3,2,3,1,2,2,10,13,13,14,S017,14.0,13.25,8.0,Good,False
GP,F,16,U,GT3,T,3,3,other,other,reputation,mother,3,2,0,yes,yes,no,yes,yes,yes,no,no,5,3,2,1,1,4,4,8,10,10,mother,3,2,0,yes,yes,no,yes,yes,no,5,3,2,1,1,4,2,13,14,14,S018,12.0,11.25,3.0,Average,False
GP,M,17,U,GT3,T,3,2,services,services,course,mother,1,1,3,no,yes,no,yes,yes,yes,yes,no,5,5,5,2,4,5,16,6,5,5,mother,1,1,3,no,yes,yes,yes,yes,no,5,5,5,2,4,5,2,8,8,7,S019,6.0,6.75,9.0,Needs Improvement,False
GP,M,16,U,LE3,T,4,3,health,other,home,father,1,1,0,no,no,yes,yes,yes,yes,yes,no,3,1,3,1,3,5,4,8,10,10,father,1,1,0,no,no,no,yes,yes,no,3,1,3,1,3,5,6,12,12,12,S020,11.0,10.5,5.0,Average,False
GP,M,15,U,GT3,T,4,3,teacher,other,reputation,mother,1,2,0,no,no,no,no,yes,yes,yes,no,4,4,1,1,1,1,0,13,14,15,mother,1,2,0,no,no,no,no,yes,no,4,4,1,1,1,1,0,12,13,14,S021,14.5,13.0,0.0,Good,False
GP,M,15,U,GT3,T,4,4,health,health,other,father,1,1,0,no,yes,yes,no,yes,yes,yes,no,5,4,2,1,1,5,0,12,15,15,father,1,1,0,no,yes,yes,no,yes,no,5,4,2,1,1,5,0,11,12,12,S022,13.5,12.5,0.0,Good,False
GP,M,16,U,LE3,T,4,2,teacher,other,course,mother,1,2,0,no,no,no,yes,yes,yes,yes,no,4,5,1,1,3,5,2,15,15,16,mother,1,2,0,no,no,no,yes,yes,no,4,5,1,1,3,5,0,12,13,14,S023,15.0,13.75,1.0,Good,False
GP,M,16,U,LE3,T,2,2,other,other,reputation,mother,2,2,0,no,yes,no,yes,yes,yes,yes,no,5,4,4,2,4,5,0,13,13,12,mother,2,2,0,no,yes,no,yes,yes,no,5,4,4,2,4,5,2,10,10,10,S024,11.0,11.5,1.0,Average,False
GP,F,15,R,GT3,T,2,4,services,health,course,mother,1,3,0,yes,yes,yes,yes,yes,yes,yes,no,4,3,2,1,1,5,2,10,9,8,mother,1,3,0,yes,yes,no,yes,yes,no,4,3,2,1,1,5,2,10,11,10,S025,9.0,10.0,2.0,Needs Improvement,False
GP,F,16,U,GT3,T,2,2,services,services,home,mother,1,1,2,no,yes,yes,no,no,yes,yes,no,1,2,2,1,3,5,14,6,9,8,mother,1,1,0,no,yes,no,no,yes,no,1,2,2,1,3,5,6,10,11,12,S026,10.0,9.0,10.0,Average,False
GP,M,15,U,GT3,T,2,2,other,other,home,mother,1,1,0,no,yes,yes,no,yes,yes,yes,no,4,2,2,1,2,5,2,12,12,11,mother,1,1,0,no,yes,no,no,yes,no,4,2,2,1,2,5,8,11,12,12,S027,11.5,11.75,5.0,Average,False
GP,M,15,U,GT3,T,4,2,health,services,other,mother,1,1,0,no,no,yes,no,yes,yes,yes,no,2,2,4,2,4,1,4,15,16,15,mother,1,1,0,no,no,no,no,yes,no,2,2,4,2,4,1,0,11,11,11,S028,13.0,13.25,2.0,Average,False
GP,M,16,U,LE3,A,3,4,services,other,home,mother,1,2,0,yes,yes,no,yes,yes,yes,yes,no,5,3,3,1,1,5,4,11,11,11,mother,1,2,0,yes,yes,yes,yes,yes,no,5,3,3,1,1,5,2,12,12,13,S029,12.0,11.5,3.0,Average,False
GP,M,16,U,GT3,T,4,4,teacher,teacher,home,mother,1,2,0,no,yes,yes,yes,yes,yes,yes,yes,4,4,5,5,5,5,16,10,12,11,mother,1,2,0,no,yes,yes,yes,yes,yes,4,4,5,5,5,5,4,12,11,12,S030,11.5,11.25,10.0,Average,False
GP,M,15,U,GT3,T,4,4,health,services,home,mother,1,2,0,no,yes,yes,no,no,yes,yes,no,5,4,2,3,4,5,0,9,11,12,mother,1,2,0,no,yes,yes,no,yes,no,5,4,2,3,4,5,0,10,11,11,S031,11.5,10.25,0.0,Average,False
GP,M,15,U,GT3,T,4,4,services,services,reputation,mother,2,2,0,no,yes,no,yes,yes,yes,yes,no,4,3,1,1,1,5,0,17,16,17,mother,2,2,0,no,yes,no,yes,yes,no,4,3,1,1,1,5,2,15,15,15,S032,16.0,15.75,1.0,Good,False
GP,M,15,R,GT3,T,4,3,teacher,at_home,course,mother,1,2,0,no,yes,no,yes,yes,yes,yes,yes,4,5,2,1,1,5,0,17,16,16,mother,1,2,0,no,yes,no,yes,yes,yes,4,5,2,1,1,5,0,13,14,15,S033,15.5,15.0,0.0,Good,False
GP,M,15,U,LE3,T,3,3,other,other,course,mother,1,2,0,no,no,no,yes,no,yes,yes,no,5,3,2,1,1,2,0,8,10,12,mother,1,2,0,no,no,no,yes,yes,no,5,3,2,1,1,2,0,13,12,12,S034,12.0,10.75,0.0,Average,False
GP,M,16,U,GT3,T,3,2,other,other,home,mother,1,1,0,no,yes,yes,no,no,yes,yes,no,5,4,3,1,1,5,0,12,14,15,mother,1,1,0,no,yes,no,no,yes,no,5,4,3,1,1,5,4,12,12,12,S035,13.5,12.5,2.0,Good,False
GP,F,15,U,GT3,T,2,3,other,other,other,father,2,1,0,no,yes,no,yes,yes,yes,no,no,3,5,1,1,1,5,0,8,7,6,father,2,1,0,no,yes,no,yes,yes,no,3,5,1,1,1,5,4,11,11,11,S036,8.5,9.25,2.0,Needs Improvement,False
GP,M,15,U,LE3,T,4,3,teacher,services,home,mother,1,3,0,no,yes,no,yes,yes,yes,yes,no,5,4,3,1,1,4,2,15,16,18,mother,1,3,0,no,yes,no,yes,yes,no,5,4,3,1,1,4,0,14,14,14,S037,16.0,14.75,1.0,Good,False
GP,M,16,R,GT3,A,4,4,other,teacher,reputation,mother,2,3,0,no,yes,no,yes,yes,yes,yes,yes,2,4,3,1,1,5,7,15,16,15,mother,2,3,0,no,yes,no,yes,yes,yes,2,4,3,1,1,5,4,13,13,13,S038,14.0,14.25,5.5,Good,False
GP,F,15,R,GT3,T,3,4,services,health,course,mother,1,3,0,yes,yes,yes,yes,yes,yes,yes,no,4,3,2,1,1,5,2,12,12,11,mother,1,3,0,yes,yes,no,yes,yes,no,4,3,2,1,1,5,2,11,12,12,S039,11.5,11.75,2.0,Average,False
GP,F,15,R,GT3,T,2,2,at_home,other,reputation,mother,1,1,0,yes,yes,yes,yes,yes,yes,no,no,4,3,1,1,1,2,8,14,13,13,mother,1,1,0,yes,yes,no,yes,yes,no,4,3,1,1,1,2,8,14,13,12,S040,12.5,13.5,8.0,Average,False
GP,F,16,U,LE3,T,2,2,other,other,home,mother,2,2,1,no,yes,no,yes,no,yes,yes,yes,3,3,3,1,2,3,25,7,10,11,mother,2,2,0,no,yes,no,yes,yes,yes,3,3,3,1,2,3,16,11,11,10,S041,10.5,9.75,20.5,Average,False
GP,M,15,U,LE3,T,4,4,teacher,other,home,other,1,1,0,no,yes,no,no,no,yes,yes,yes,5,4,3,2,4,5,8,12,12,12,other,1,1,0,no,yes,no,no,yes,yes,5,4,3,2,4,5,8,10,11,11,S042,11.5,11.25,8.0,Average,False
GP,M,15,U,GT3,T,4,4,services,teacher,course,father,1,2,0,no,yes,no,yes,yes,yes,yes,no,4,3,3,1,1,5,2,19,18,18,father,1,2,0,no,yes,no,yes,yes,no,4,3,3,1,1,5,0,14,15,15,S043,16.5,16.5,1.0,Excellent,False
GP,M,15,U,GT3,T,2,2,services,services,course,father,1,1,0,yes,yes,no,no,yes,yes,yes,no,5,4,1,1,1,1,0,8,8,11,father,1,1,0,yes,yes,no,no,yes,no,5,4,1,1,1,1,0,9,10,10,S044,10.5,8.75,0.0,Average,False
GP,F,16,U,LE3,T,2,2,other,at_home,course,father,2,2,1,yes,no,no,yes,yes,yes,yes,no,4,3,3,2,2,5,14,10,10,9,father,2,2,1,yes,no,no,yes,yes,no,4,3,3,2,2,5,14,10,11,11,S045,10.0,10.25,14.0,Average,False
GP,F,15,U,LE3,A,4,3,other,other,course,mother,1,2,0,yes,yes,yes,yes,yes,yes,yes,yes,5,2,2,1,1,5,8,8,8,6,mother,1,2,0,yes,yes,yes,yes,yes,yes,5,2,2,1,1,5,4,10,11,11,S046,8.5,9.25,6.0,Needs Improvement,False
GP,F,16,U,LE3,A,3,3,other,services,home,mother,1,2,0,no,yes,no,no,yes,yes,yes,no,2,3,5,1,4,3,12,11,12,11,mother,1,2,0,no,yes,no,no,yes,no,2,3,5,1,4,3,6,13,12,13,S047,12.0,12.0,9.0,Average,False
GP,M,16,U,GT3,T,4,3,health,services,reputation,mother,1,4,0,no,no,no,yes,yes,yes,yes,no,4,2,2,1,1,2,4,19,19,20,mother,1,4,0,no,no,no,yes,yes,no,4,2,2,1,1,2,2,17,17,17,S048,18.5,18.0,3.0,Excellent,False
GP,M,15,U,GT3,T,4,2,teacher,other,home,mother,1,2,0,no,yes,yes,no,yes,yes,no,no,4,3,3,2,2,5,2,15,15,14,mother,1,2,0,no,yes,no,no,yes,no,4,3,3,2,2,5,4,11,12,13,S049,13.5,13.25,3.0,Good,False
GP,F,15,U,GT3,T,4,4,services,teacher,other,father,1,2,1,yes,yes,no,yes,no,yes,yes,no,4,4,4,1,1,3,2,7,7,7,father,1,2,0,yes,yes,no,yes,yes,no,4,4,4,1,1,3,2,13,12,12,S050,9.5,9.75,2.0,Average,False
GP,F,16,U,LE3,T,2,2,services,services,course,mother,3,2,0,no,yes,yes,no,yes,yes,yes,no,4,3,3,2,3,4,2,12,13,13,mother,3,2,0,no,yes,no,no,yes,no,4,3,3,2,3,4,0,14,13,13,S051,13.0,13.0,1.0,Average,False
GP,F,15,U,LE3,T,4,2,health,other,other,mother,1,2,0,no,yes,yes,no,yes,yes,yes,no,4,3,3,1,1,5,2,11,13,13,mother,1,2,0,no,yes,no,no,yes,no,4,3,3,1,1,5,0,16,14,16,S052,14.5,13.5,1.0,Good,False
GP,M,15,U,LE3,A,4,2,health,health,other,father,2,1,1,no,no,no,no,yes,yes,no,no,5,5,5,3,4,5,6,11,11,10,father,2,1,0,no,no,no,no,yes,no,5,5,5,3,4,5,4,10,9,9,S053,9.5,10.25,5.0,Average,False
GP,F,15,U,GT3,T,4,4,services,services,course,mother,1,1,0,yes,yes,yes,no,yes,yes,yes,no,3,3,4,2,3,5,0,8,10,11,mother,1,1,0,yes,yes,no,no,yes,no,3,3,4,2,3,5,0,13,12,12,S054,11.5,10.75,0.0,Average,False
GP,F,15,U,LE3,A,3,3,other,other,other,mother,1,1,0,no,no,yes,no,yes,yes,yes,no,5,3,4,4,4,1,6,10,13,13,mother,1,1,0,no,no,no,no,yes,no,5,3,4,4,4,1,0,13,12,13,S055,13.0,12.0,3.0,Average,False
GP,F,16,U,GT3,A,2,1,other,other,other,mother,1,2,0,no,no,yes,yes,yes,yes,yes,yes,5,3,4,1,1,2,8,8,9,10,mother,1,2,0,no,no,no,yes,yes,yes,5,3,4,1,1,2,2,12,13,12,S056,11.0,10.5,5.0,Average,False
GP,F,15,U,GT3,A,4,3,services,services,reputation,mother,1,2,0,no,yes,yes,yes,yes,yes,yes,no,4,3,2,1,1,1,0,14,15,15,mother,1,2,0,no,yes,no,yes,yes,no,4,3,2,1,1,1,0,15,14,15,S057,15.0,14.5,0.0,Good,False
GP,M,15,U,GT3,T,4,4,teacher,health,reputation,mother,1,2,0,no,yes,no,yes,yes,yes,no,no,3,2,2,1,1,5,4,14,15,15,mother,1,2,0,no,yes,no,yes,yes,no,3,2,2,1,1,5,8,15,15,16,S058,15.5,14.75,6.0,Good,False
GP,M,15,U,LE3,T,1,2,other,at_home,home,father,1,2,0,yes,yes,no,yes,yes,yes,yes,no,4,3,2,1,1,5,2,9,10,9,father,1,2,0,yes,yes,no,yes,yes,no,4,3,2,1,1,5,0,14,13,14,S059,11.5,11.5,1.0,Average,False
GP,F,16,U,GT3,T,4,2,services,other,course,mother,1,2,0,no,yes,no,no,yes,yes,yes,no,4,2,3,1,1,5,2,15,16,16,mother,1,2,0,no,yes,yes,no,yes,no,4,2,3,1,1,5,2,16,15,16,S060,16.0,15.5,2.0,Good,False
GP,F,16,R,GT3,T,4,4,health,teacher,other,mother,1,2,0,no,yes,no,yes,yes,yes,no,no,2,4,4,2,3,4,6,10,11,11,mother,1,2,0,no,yes,no,yes,yes,no,2,4,4,2,3,4,0,17,16,16,S061,13.5,13.5,3.0,Good,False
GP,F,16,U,GT3,T,1,1,services,services,course,father,4,1,0,yes,yes,no,yes,no,yes,yes,yes,5,5,5,5,5,5,6,10,8,11,father,4,1,0,yes,yes,no,yes,yes,yes,5,5,5,5,5,5,0,10,10,16,S062,13.5,9.5,3.0,Good,False
GP,F,16,U,LE3,T,1,2,other,services,reputation,father,1,2,0,yes,no,no,yes,yes,yes,yes,no,4,4,3,1,1,1,4,8,10,9,father,1,2,0,yes,no,no,yes,yes,no,4,4,3,1,1,1,0,13,13,10,S063,9.5,11.0,2.0,Average,False
GP,F,16,U,GT3,T,4,3,teacher,health,home,mother,1,3,0,yes,yes,yes,yes,yes,yes,yes,no,3,4,4,2,4,4,2,10,9,9,mother,1,3,0,yes,yes,no,yes,yes,no,3,4,4,2,4,4,0,14,13,13,S064,11.0,11.5,1.0,Average,False
GP,F,15,U,LE3,T,4,3,services,services,reputation,father,1,2,0,yes,no,no,yes,yes,yes,yes,yes,4,4,4,2,4,2,0,10,10,10,father,1,2,0,yes,no,no,yes,yes,yes,4,4,4,2,4,2,0,13,12,12,S065,11.0,11.25,0.0,Average,False
GP,F,16,U,LE3,T,4,3,teacher,services,course,mother,3,2,0,no,yes,no,yes,yes,yes,yes,no,5,4,3,1,2,1,2,16,15,15,mother,3,2,0,no,yes,no,yes,yes,no,5,4,3,1,2,1,2,16,15,16,S066,15.5,15.5,2.0,Good,False
GP,M,15,U,GT3,A,4,4,other,services,reputation,mother,1,4,0,no,yes,no,yes,no,yes,yes,yes,1,3,3,5,5,3,4,13,13,12,mother,1,4,0,no,yes,no,yes,yes,yes,1,3,3,5,5,3,0,11,12,12,S067,12.0,12.25,2.0,Average,False
GP,F,16,U,GT3,T,3,1,services,other,course,mother,1,4,0,yes,yes,yes,no,yes,yes,yes,no,4,3,3,1,2,5,4,7,7,6,mother,1,4,0,yes,yes,no,no,yes,no,4,3,3,1,2,5,0,10,9,10,S068,8.0,8.25,2.0,Needs Improvement,False
GP,F,15,R,LE3,T,2,2,health,services,reputation,mother,2,2,0,yes,yes,yes,no,yes,yes,yes,no,4,1,3,1,3,4,2,8,9,8,mother,2,2,0,yes,yes,no,no,yes,no,4,1,3,1,3,4,0,11,10,11,S069,9.5,9.5,1.0,Average,False
GP,F,15,R,LE3,T,3,1,other,other,reputation,father,2,4,0,no,yes,no,no,no,yes,yes,no,4,4,2,2,3,3,12,16,16,16,father,2,4,0,no,yes,no,no,yes,no,4,4,2,2,3,3,6,15,15,15,S070,15.5,15.5,9.0,Good,False
GP,M,16,U,GT3,T,3,1,other,other,reputation,father,2,4,0,no,yes,yes,no,yes,yes,yes,no,4,3,2,1,1,5,0,13,15,15,father,2,4,0,no,yes,no,no,yes,no,4,3,2,1,1,5,2,13,11,11,S071,13.0,13.0,1.0,Average,False
GP,M,15,U,GT3,T,4,2,other,other,course,mother,1,4,0,no,no,no,no,yes,yes,yes,no,3,3,3,1,1,3,0,10,10,10,mother,1,4,0,no,no,no,no,yes,no,3,3,3,1,1,3,0,11,9,10,S072,10.0,10.0,0.0,Average,False
GP,F,15,R,GT3,T,1,1,other,other,reputation,mother,1,2,2,yes,yes,no,no,no,yes,yes,yes,3,3,4,2,4,5,2,8,6,5,mother,1,2,0,yes,yes,no,no,yes,yes,3,3,4,2,4,5,2,13,11,11,S073,8.0,9.5,2.0,Needs Improvement,False
GP,M,16,U,GT3,T,3,1,other,other,reputation,mother,1,1,0,no,no,no,yes,yes,yes,no,no,5,3,2,2,2,5,2,12,12,14,mother,1,1,0,no,no,no,yes,yes,no,5,3,2,2,2,5,0,13,13,14,S074,14.0,12.5,1.0,Good,False
GP,F,16,U,GT3,T,3,3,other,services,home,mother,1,2,0,yes,yes,yes,yes,yes,yes,yes,no,4,3,3,2,4,5,54,11,12,11,mother,1,2,0,yes,yes,no,yes,yes,no,4,3,3,2,4,5,4,11,11,11,S075,11.0,11.25,29.0,Average,False
GP,M,15,U,GT3,T,4,3,teacher,other,home,mother,1,2,0,no,yes,yes,yes,yes,yes,yes,no,4,3,3,2,3,5,6,9,9,10,mother,1,2,0,no,yes,no,yes,yes,no,4,3,3,2,3,5,0,11,11,11,S076,10.5,10.0,3.0,Average,False
GP,M,15,U,GT3,T,4,0,teacher,other,course,mother,2,4,0,no,no,no,yes,yes,yes,yes,no,3,4,3,1,1,1,8,11,11,10,mother,2,4,0,no,no,no,yes,yes,no,3,4,3,1,1,1,0,12,11,11,S077,10.5,11.25,4.0,Average,False
GP,F,16,U,GT3,T,2,2,other,other,reputation,mother,1,4,0,no,no,yes,no,yes,yes,yes,yes,5,2,3,1,3,3,0,11,11,11,mother,1,4,0,no,no,no,no,yes,yes,5,2,3,1,3,3,1,13,13,13,S078,12.0,12.0,0.5,Average,False
GP,M,17,U,GT3,T,2,1,other,other,home,mother,2,1,3,yes,yes,no,yes,yes,no,yes,no,4,5,1,1,1,3,2,8,8,10,mother,2,1,3,yes,yes,no,yes,no,no,4,5,1,1,1,3,0,9,9,10,S079,10.0,8.5,1.0,Average,False
GP,M,17,U,GT3,T,2,1,other,other,home,mother,2,1,3,yes,yes,no,yes,yes,no,yes,no,4,5,1,1,1,3,2,8,8,10,mother,1,1,0,no,yes,no,no,yes,no,5,4,5,1,2,5,22,9,7,6,S080,8.0,8.0,12.0,Needs Improvement,False
GP,F,16,U,GT3,T,3,4,at_home,other,course,mother,1,2,0,no,yes,no,no,yes,yes,yes,no,2,4,3,1,2,3,12,5,5,5,mother,1,2,0,no,yes,no,no,yes,no,2,4,3,1,2,3,14,12,11,11,S081,8.0,8.25,13.0,Needs Improvement,False
GP,M,15,U,GT3,T,2,3,other,services,course,father,1,1,0,yes,yes,yes,yes,no,yes,yes,yes,3,2,2,1,3,3,2,10,12,12,father,1,1,0,yes,yes,no,yes,yes,yes,3,2,2,1,3,3,0,11,11,12,S082,12.0,11.0,1.0,Average,False
GP,M,15,U,GT3,T,2,3,other,other,home,mother,1,3,0,yes,no,yes,no,no,yes,yes,no,5,3,2,1,2,5,4,11,10,11,mother,1,3,0,yes,no,no,no,yes,no,5,3,2,1,2,5,2,10,9,9,S083,10.0,10.0,3.0,Average,False
GP,F,15,U,LE3,T,3,2,services,other,reputation,mother,1,2,0,no,yes,yes,no,yes,yes,yes,no,4,4,4,1,1,5,10,7,6,6,mother,1,2,0,no,yes,no,no,yes,no,4,4,4,1,1,5,4,12,11,11,S084,8.5,9.0,7.0,Needs Improvement,False
GP,M,15,U,LE3,T,2,2,services,services,home,mother,2,2,0,no,no,yes,yes,yes,yes,yes,no,5,3,3,1,3,4,4,15,15,15,mother,2,2,0,no,no,yes,yes,yes,no,5,3,3,1,3,4,2,13,12,13,S085,14.0,13.75,3.0,Good,False
GP,F,15,U,GT3,T,1,1,other,other,home,father,1,2,0,no,yes,no,yes,no,yes,yes,no,4,3,2,2,3,4,2,9,10,10,father,1,2,0,no,yes,no,yes,yes,no,4,3,2,2,3,4,2,13,12,12,S086,11.0,11.0,2.0,Average,False
GP,F,15,U,GT3,T,4,4,services,services,reputation,father,2,2,2,no,no,yes,no,yes,yes,yes,yes,4,4,4,2,3,5,6,7,9,8,father,2,2,0,no,no,no,no,yes,yes,4,4,4,2,3,5,4,12,11,12,S087,10.0,9.75,5.0,Average,False
GP,F,16,U,LE3,T,2,2,at_home,other,course,mother,1,2,0,no,yes,no,no,yes,yes,no,no,4,3,4,1,2,2,4,8,7,6,mother,1,2,0,no,yes,no,no,yes,no,4,3,4,1,2,2,6,13,11,11,S088,8.5,9.75,5.0,Needs Improvement,False
GP,F,15,U,GT3,T,4,2,other,other,reputation,mother,1,3,0,no,yes,no,yes,yes,yes,yes,no,5,3,3,1,3,1,4,13,14,14,mother,1,3,0,no,yes,no,yes,yes,no,5,3,3,1,3,1,4,15,15,15,S089,14.5,14.25,4.0,Good,False
GP,M,16,U,GT3,T,2,2,services,other,reputation,father,2,2,1,no,no,yes,yes,no,yes,yes,no,4,4,2,1,1,3,12,11,10,10,father,2,2,0,no,no,no,yes,yes,no,4,4,2,1,1,3,6,12,10,11,S090,10.5,10.75,9.0,Average,False
GP,M,16,U,LE3,A,4,4,teacher,health,reputation,mother,1,2,0,no,yes,no,no,yes,yes,no,no,4,1,3,3,5,5,18,8,6,7,mother,1,2,0,no,yes,no,no,yes,no,4,1,3,3,5,5,6,9,9,10,S091,8.5,8.0,12.0,Needs Improvement,False
GP,F,16,U,GT3,T,3,3,other,other,home,mother,1,3,0,no,yes,yes,no,yes,yes,yes,yes,4,3,3,1,3,4,0,7,7,8,mother,1,3,0,no,yes,no,no,yes,yes,4,3,3,1,3,4,2,9,11,11,S092,9.5,8.5,1.0,Average,False
GP,F,15,U,GT3,T,4,3,services,other,reputation,mother,1,1,0,no,no,yes,yes,yes,yes,yes,no,4,5,5,1,3,1,4,16,17,18,mother,1,1,0,no,no,no,yes,yes,no,4,5,5,1,3,1,6,14,13,13,S093,15.5,15.0,5.0,Good,False
GP,F,16,U,LE3,T,3,1,other,other,home,father,1,2,0,yes,yes,no,no,yes,yes,no,no,3,3,3,2,3,2,4,7,6,6,father,1,2,0,yes,yes,no,no,yes,no,3,3,3,2,3,2,0,12,13,12,S094,9.0,9.5,2.0,Needs Improvement,False
GP,F,16,U,GT3,T,4,2,teacher,services,home,mother,2,2,0,no,yes,yes,yes,yes,yes,yes,no,5,3,3,1,1,1,0,11,10,10,mother,2,2,0,no,yes,no,yes,yes,no,5,3,3,1,1,1,2,13,14,14,S095,12.0,12.0,1.0,Average,False
GP,M,15,U,LE3,T,2,2,services,health,reputation,mother,1,4,0,no,yes,no,yes,yes,yes,yes,no,4,3,4,1,1,4,6,11,13,14,mother,1,4,0,no,yes,no,yes,yes,no,4,3,4,1,1,4,2,11,12,12,S096,13.0,11.75,4.0,Average,False
GP,F,15,R,GT3,T,1,1,at_home,other,home,mother,2,4,1,yes,yes,yes,yes,yes,yes,yes,no,3,1,2,1,1,1,2,7,10,10,mother,2,4,0,yes,yes,yes,yes,yes,no,3,1,2,1,1,1,4,13,13,13,S097,11.5,10.75,3.0,Average,False
GP,M,16,R,GT3,T,4,3,services,other,reputation,mother,2,1,0,yes,yes,no,yes,no,yes,yes,no,3,3,3,1,1,4,2,11,15,15,mother,2,1,0,yes,yes,yes,yes,yes,no,3,3,3,1,1,4,6,9,11,11,S098,13.0,11.5,4.0,Average,False
GP,F,16,U,GT3,T,2,1,other,other,course,mother,1,2,0,no,yes,yes,no,yes,yes,no,yes,4,3,5,1,1,5,2,8,9,10,mother,1,2,0,no,yes,no,no,yes,yes,4,3,5,1,1,5,0,13,12,12,S099,11.0,10.5,1.0,Average,False
GP,F,16,U,GT3,T,4,4,other,other,reputation,mother,1,1,0,no,no,no,yes,no,yes,yes,no,5,3,4,1,2,1,6,11,14,14,mother,1,1,0,no,no,no,yes,yes,no,5,3,4,1,2,1,4,12,13,13,S100,13.5,12.5,5.0,Good,False
GP,F,16,U,GT3,T,4,3,other,at_home,course,mother,1,3,0,yes,yes,yes,no,yes,yes,yes,no,5,3,5,1,1,3,0,7,9,8,mother,1,3,0,yes,yes,no,no,yes,no,5,3,5,1,1,3,2,12,13,13,S101,10.5,10.25,1.0,Average,False
GP,M,16,U,GT3,T,4,4,services,services,other,mother,1,1,0,yes,yes,yes,yes,yes,yes,yes,no,4,5,5,5,5,4,14,7,7,5,mother,1,1,0,yes,yes,no,yes,yes,no,4,5,5,5,5,4,12,9,9,8,S102,6.5,8.0,13.0,Needs Improvement,False
GP,M,16,U,GT3,T,4,4,services,teacher,other,father,1,3,0,no,yes,no,yes,yes,yes,yes,yes,4,4,3,1,1,4,0,16,17,17,father,1,3,0,no,yes,no,yes,yes,yes,4,4,3,1,1,4,0,16,16,16,S103,16.5,16.25,0.0,Excellent,False
GP,M,15,U,GT3,T,4,4,services,other,course,mother,1,1,0,no,yes,no,yes,no,yes,yes,no,5,3,3,1,1,5,4,10,13,14,mother,1,1,0,no,yes,yes,yes,yes,no,5,3,3,1,1,5,2,12,13,12,S104,13.0,12.0,3.0,Average,False
GP,F,15,U,GT3,T,3,2,services,other,home,mother,2,2,0,yes,yes,yes,no,yes,yes,yes,no,4,3,5,1,1,2,26,7,6,6,mother,2,2,0,yes,yes,no,no,yes,no,4,3,5,1,1,2,16,11,10,10,S105,8.0,8.5,21.0,Needs Improvement,False
GP,M,15,U,GT3,A,3,4,services,other,course,mother,1,2,0,no,yes,yes,yes,yes,yes,yes,no,5,4,4,1,1,1,0,16,18,18,mother,1,2,0,no,yes,no,yes,yes,no,5,4,4,1,1,1,0,16,16,16,S106,17.0,16.5,0.0,Excellent,False
GP,F,15,U,GT3,A,3,3,other,health,reputation,father,1,4,0,yes,no,no,no,yes,yes,no,no,4,3,3,1,1,4,10,10,11,11,father,1,4,0,yes,no,no,no,yes,no,4,3,3,1,1,4,10,10,10,10,S107,10.5,10.25,10.0,Average,False
GP,F,15,U,GT3,T,2,2,other,other,course,mother,1,4,0,yes,yes,yes,no,yes,yes,yes,no,5,1,2,1,1,3,8,7,8,8,mother,1,4,0,yes,yes,no,no,yes,no,5,1,2,1,1,3,4,10,10,10,S108,9.0,8.75,6.0,Needs Improvement,False
GP,M,16,U,GT3,T,3,3,services,other,home,father,1,3,0,no,yes,no,yes,yes,yes,yes,no,5,3,3,1,1,5,2,16,18,18,father,1,3,0,no,yes,no,yes,yes,no,5,3,3,1,1,5,4,13,14,14,S109,16.0,15.25,3.0,Good,False
GP,M,16,U,GT3,T,3,3,services,other,home,father,1,3,0,no,yes,no,yes,yes,yes,yes,no,5,3,3,1,1,5,2,16,18,18,mother,1,2,0,no,no,no,yes,yes,yes,4,2,3,1,2,3,0,11,12,13,S110,15.5,14.25,1.0,Good,False
GP,M,15,R,GT3,T,4,4,other,other,home,father,4,4,0,no,yes,yes,yes,yes,yes,yes,yes,1,3,5,3,5,1,6,10,13,13,father,4,4,0,no,yes,no,yes,yes,yes,1,3,5,3,5,1,8,12,10,11,S111,12.0,11.25,7.0,Average,False
GP,F,16,U,LE3,T,4,4,health,health,other,mother,1,3,0,no,yes,yes,yes,yes,yes,yes,yes,5,4,5,1,1,4,4,14,15,16,mother,1,3,0,no,yes,no,yes,yes,yes,5,4,5,1,1,4,2,15,15,14,S112,15.0,14.75,3.0,Good,False
GP,M,15,U,LE3,A,4,4,teacher,teacher,course,mother,1,1,0,no,no,no,yes,yes,yes,yes,no,5,5,3,1,1,4,6,18,19,19,mother,1,1,0,no,no,no,yes,yes,no,5,5,3,1,1,4,4,13,14,14,S113,16.5,16.0,5.0,Excellent,False
GP,F,16,R,GT3,T,3,3,services,other,reputation,father,1,3,1,yes,yes,no,yes,yes,yes,yes,no,4,1,2,1,1,2,0,7,10,10,father,1,3,0,yes,yes,no,yes,yes,no,4,1,2,1,1,2,4,11,11,11,S114,10.5,9.75,2.0,Average,False
GP,F,16,U,GT3,T,2,2,at_home,other,home,mother,1,2,1,yes,no,no,yes,yes,yes,yes,no,3,1,2,1,1,5,6,10,13,13,mother,1,2,1,yes,no,no,yes,yes,no,3,1,2,1,1,5,12,8,10,10,S115,11.5,10.25,9.0,Average,False
GP,M,15,U,LE3,T,4,2,teacher,other,course,mother,1,1,0,no,no,no,no,yes,yes,yes,no,3,5,2,1,1,3,10,18,19,19,mother,1,1,0,no,no,no,no,yes,no,3,5,2,1,1,3,10,18,17,18,S116,18.5,18.0,10.0,Excellent,False
GP,M,15,R,GT3,T,2,1,health,services,reputation,mother,1,2,0,no,no,no,yes,yes,yes,yes,yes,5,4,2,1,1,5,8,9,9,9,mother,1,2,0,no,no,no,yes,yes,yes,5,4,2,1,1,5,4,10,9,10,S117,9.5,9.25,6.0,Average,False
GP,M,16,U,GT3,T,4,4,teacher,teacher,course,father,1,2,0,no,yes,no,yes,yes,yes,yes,no,5,4,4,1,2,5,2,15,15,16,father,1,2,0,no,yes,no,yes,yes,no,5,4,4,1,2,5,6,16,14,14,S118,15.0,15.0,4.0,Good,False
GP,M,16,U,GT3,T,4,4,teacher,teacher,course,father,1,2,0,no,yes,no,yes,yes,yes,yes,no,5,4,4,1,2,5,2,15,15,16,mother,1,1,0,no,yes,no,no,no,yes,3,3,2,2,1,5,16,9,9,8,S119,12.0,12.0,9.0,Average,False
GP,M,15,U,GT3,T,4,4,other,teacher,reputation,father,2,2,0,no,yes,no,yes,yes,yes,no,no,4,4,3,1,1,2,2,11,13,14,father,2,2,0,no,yes,no,yes,yes,no,4,4,3,1,1,2,4,16,15,16,S120,15.0,13.75,3.0,Good,False
GP,M,16,U,GT3,T,3,3,other,services,home,father,2,1,0,no,no,no,yes,yes,yes,yes,no,5,4,2,1,1,5,0,13,14,13,father,2,1,0,no,no,no,yes,yes,no,5,4,2,1,1,5,6,14,14,15,S121,14.0,13.75,3.0,Good,False
GP,M,17,R,GT3,T,1,3,other,other,course,father,3,2,1,no,yes,no,yes,yes,yes,yes,no,5,2,4,1,4,5,20,9,7,8,father,3,2,1,no,yes,no,yes,yes,no,5,2,4,1,4,5,14,12,11,11,S122,9.5,9.75,17.0,Average,False
GP,M,15,U,GT3,T,3,4,other,other,reputation,father,1,1,0,no,no,no,no,yes,yes,yes,no,3,4,3,1,2,4,6,14,13,13,father,1,1,0,no,no,no,no,yes,no,3,4,3,1,2,4,2,14,13,14,S123,13.5,13.5,4.0,Good,False
GP,F,15,U,GT3,T,1,2,at_home,services,course,mother,1,2,0,no,no,no,no,no,yes,yes,no,3,2,3,1,2,1,2,16,15,15,mother,1,2,0,no,no,no,no,yes,no,3,2,3,1,2,1,0,14,14,14,S124,14.5,14.75,1.0,Good,False
GP,M,15,U,GT3,T,2,2,services,services,home,father,1,4,0,no,yes,yes,yes,yes,yes,yes,no,5,5,4,1,2,5,6,16,14,15,father,1,4,0,no,yes,no,yes,yes,no,5,5,4,1,2,5,6,14,13,13,S125,14.0,14.25,6.0,Good,False
GP,F,16,U,LE3,T,2,4,other,health,course,father,2,2,0,no,yes,yes,yes,yes,yes,yes,yes,4,2,2,1,2,5,2,13,13,13,father,2,2,0,no,yes,no,yes,yes,yes,4,2,2,1,2,5,2,14,12,13,S126,13.0,13.0,2.0,Average,False
GP,M,16,U,GT3,T,4,4,health,other,course,mother,1,1,0,no,yes,no,yes,yes,yes,yes,no,3,4,4,1,4,5,18,14,11,13,mother,1,1,0,no,yes,no,yes,yes,no,3,4,4,1,4,5,4,12,13,13,S127,13.0,12.5,11.0,Average,False
GP,F,16,U,GT3,T,2,2,other,other,home,mother,1,2,0,no,no,yes,no,yes,yes,yes,yes,5,4,4,1,1,5,0,8,7,8,mother,1,2,0,no,no,no,no,yes,yes,5,4,4,1,1,5,0,12,11,11,S128,9.5,9.5,0.0,Average,False
GP,M,15,U,GT3,T,3,4,services,services,home,father,1,1,0,yes,no,no,no,yes,yes,yes,no,5,5,5,3,2,5,0,13,13,12,father,1,1,0,yes,no,no,no,yes,no,5,5,5,3,2,5,2,9,9,9,S129,10.5,11.0,1.0,Average,False
GP,F,15,U,LE3,A,3,4,other,other,home,mother,1,2,0,yes,no,no,yes,yes,yes,yes,yes,5,3,2,1,1,1,0,7,10,11,mother,1,2,0,yes,no,no,yes,yes,yes,5,3,2,1,1,1,0,10,11,11,S130,11.0,9.5,0.0,Average,False
GP,F,19,U,GT3,T,0,1,at_home,other,course,other,1,2,3,no,yes,no,no,no,no,no,no,3,4,2,1,1,5,2,7,8,9,other,1,2,2,no,yes,no,no,no,no,3,4,2,1,1,5,0,9,10,11,S131,10.0,8.5,1.0,Average,False
GP,M,16,R,GT3,T,4,4,teacher,teacher,course,mother,1,1,0,no,no,yes,yes,yes,yes,yes,no,3,5,5,2,5,4,8,18,18,18,mother,1,1,0,no,no,no,yes,yes,no,3,5,5,2,5,4,8,14,14,15,S132,16.5,16.0,8.0,Excellent,False
GP,F,15,R,GT3,T,3,4,services,teacher,course,father,2,3,2,no,yes,no,no,yes,yes,yes,yes,4,2,2,2,2,5,0,12,0,0,father,2,3,0,no,yes,no,no,yes,yes,4,2,2,2,2,5,0,10,11,12,S133,6.0,8.25,0.0,Needs Improvement,False
GP,F,15,U,GT3,T,1,1,at_home,other,course,mother,3,1,0,no,yes,no,yes,no,yes,yes,yes,4,3,3,1,2,4,0,8,0,0,mother,3,1,0,no,yes,no,yes,yes,yes,4,3,3,1,2,4,6,11,12,13,S134,6.5,7.75,3.0,Needs Improvement,False
GP,F,17,U,LE3,T,2,2,other,other,course,father,1,1,0,no,yes,no,no,yes,yes,yes,yes,3,4,4,1,3,5,12,10,13,12,father,1,1,0,no,yes,no,no,yes,yes,3,4,4,1,3,5,2,13,12,12,S135,12.0,12.0,7.0,Average,False
GP,F,16,U,GT3,A,3,4,services,other,course,father,1,1,0,no,no,no,no,yes,yes,yes,no,3,2,1,1,4,5,16,12,11,11,father,1,1,0,no,no,no,no,yes,no,3,2,1,1,4,5,12,15,13,14,S136,12.5,12.75,14.0,Average,False
GP,M,15,R,GT3,T,3,4,at_home,teacher,course,mother,4,2,0,no,yes,no,no,yes,yes,no,yes,5,3,3,1,1,5,0,9,0,0,mother,4,2,0,no,yes,no,no,yes,yes,5,3,3,1,1,5,2,12,11,11,S137,5.5,8.0,1.0,Needs Improvement,False
GP,F,15,U,GT3,T,4,4,services,at_home,course,mother,1,3,0,no,yes,no,yes,yes,yes,yes,yes,4,3,3,1,1,5,0,11,0,0,mother,1,3,0,no,yes,no,yes,yes,yes,4,3,3,1,1,5,4,13,14,15,S138,7.5,9.5,2.0,Needs Improvement,False
GP,M,17,R,GT3,T,3,4,at_home,other,course,mother,3,2,0,no,no,no,no,yes,yes,no,no,5,4,5,2,4,5,0,10,0,0,mother,3,2,0,no,no,no,no,yes,no,5,4,5,2,4,5,2,10,9,10,S139,5.0,7.25,1.0,Needs Improvement,False
GP,F,16,U,GT3,A,3,3,other,other,course,other,2,1,2,no,yes,no,yes,no,yes,yes,yes,4,3,2,1,1,5,0,4,0,0,other,2,1,0,no,yes,no,yes,yes,yes,4,3,2,1,1,5,4,9,9,10,S140,5.0,5.5,2.0,Needs Improvement,False
GP,M,16,U,LE3,T,1,1,services,other,course,mother,1,2,1,no,no,no,no,yes,yes,no,yes,4,4,4,1,3,5,0,14,12,12,mother,1,2,2,no,no,no,no,yes,yes,4,4,4,1,3,5,0,10,10,10,S141,11.0,11.5,0.0,Average,False
GP,F,15,U,GT3,T,4,4,teacher,teacher,course,mother,2,1,0,no,no,no,yes,yes,yes,yes,no,4,3,2,1,1,5,0,16,16,15,mother,2,1,0,no,no,no,yes,yes,no,4,3,2,1,1,5,6,13,14,14,S142,14.5,14.75,3.0,Good,False
GP,M,15,U,GT3,T,4,3,teacher,services,course,father,2,4,0,yes,yes,no,no,yes,yes,yes,no,2,2,2,1,1,3,0,7,9,0,father,2,4,0,yes,yes,no,no,yes,no,2,2,2,1,1,3,6,9,11,11,S143,5.5,9.0,3.0,Needs Improvement,False
GP,M,16,U,LE3,T,2,2,services,services,reputation,father,2,1,2,no,yes,no,yes,yes,yes,yes,no,2,3,3,2,2,2,8,9,9,9,father,2,1,0,no,yes,no,yes,yes,no,2,3,3,2,2,2,4,12,11,11,S144,10.0,10.25,6.0,Average,False
GP,F,15,U,GT3,T,4,4,teacher,services,course,mother,1,3,0,no,yes,yes,yes,yes,yes,yes,no,4,2,2,1,1,5,2,9,11,11,mother,1,3,0,no,yes,no,yes,yes,no,4,2,2,1,1,5,2,13,13,13,S145,12.0,11.5,2.0,Average,False
GP,F,16,U,LE3,T,1,1,at_home,at_home,course,mother,1,1,0,no,no,no,no,yes,yes,yes,no,3,4,4,3,3,1,2,14,14,13,mother,1,1,0,no,no,no,no,yes,no,3,4,4,3,3,1,4,10,11,11,S146,12.0,12.25,3.0,Average,False
GP,M,17,U,GT3,T,2,1,other,other,home,mother,1,1,3,no,yes,no,no,yes,yes,yes,no,5,4,5,1,2,5,0,5,0,0,mother,2,1,3,yes,yes,no,yes,no,no,4,5,1,1,1,3,0,9,9,10,S147,5.0,5.75,0.0,Needs Improvement,False
GP,M,17,U,GT3,T,2,1,other,other,home,mother,1,1,3,no,yes,no,no,yes,yes,yes,no,5,4,5,1,2,5,0,5,0,0,mother,1,1,0,no,yes,no,no,yes,no,5,4,5,1,2,5,22,9,7,6,S148,3.0,5.25,11.0,Needs Improvement,True
GP,F,15,U,GT3,T,1,1,other,services,course,father,1,2,0,no,yes,yes,no,yes,yes,yes,no,4,4,2,1,2,5,0,8,11,11,father,1,2,0,no,yes,no,no,yes,no,4,4,2,1,2,5,0,12,12,12,S149,11.5,10.75,0.0,Average,False
GP,F,15,U,GT3,T,3,2,health,services,home,father,1,2,3,no,yes,no,no,yes,yes,yes,no,3,3,2,1,1,3,0,6,7,0,father,1,2,1,no,yes,no,no,yes,no,3,3,2,1,1,3,2,11,11,11,S150,5.5,8.75,1.0,Needs Improvement,False
GP,F,15,U,GT3,T,1,2,at_home,other,course,mother,1,2,0,no,yes,yes,no,no,yes,yes,no,4,3,2,1,1,5,2,10,11,11,mother,1,2,0,no,yes,no,no,yes,no,4,3,2,1,1,5,6,13,12,13,S151,12.0,11.5,4.0,Average,False
GP,M,16,U,GT3,T,4,4,teacher,teacher,course,mother,1,1,0,no,yes,no,no,yes,no,yes,yes,3,3,2,2,1,5,0,7,6,0,father,1,2,0,no,yes,no,yes,yes,no,5,4,4,1,2,5,6,16,14,14,S152,7.0,10.75,3.0,Needs Improvement,False
GP,M,16,U,GT3,T,4,4,teacher,teacher,course,mother,1,1,0,no,yes,no,no,yes,no,yes,yes,3,3,2,2,1,5,0,7,6,0,mother,1,1,0,no,yes,no,no,no,yes,3,3,2,2,1,5,16,9,9,8,S153,4.0,7.75,8.0,Needs Improvement,False
GP,M,15,U,LE3,A,2,1,services,other,course,mother,4,1,3,no,no,no,no,yes,yes,yes,no,4,5,5,2,5,5,0,8,9,10,mother,4,1,0,no,no,no,no,yes,no,4,5,5,2,5,5,0,12,11,11,S154,10.5,10.0,0.0,Average,False
GP,M,18,U,LE3,T,1,1,other,other,course,mother,1,1,3,no,no,no,no,yes,no,yes,yes,2,3,5,2,5,4,0,6,5,0,mother,1,1,2,no,no,no,no,no,yes,2,3,5,2,5,4,0,11,9,0,S155,0.0,7.75,0.0,Needs Improvement,True
GP,M,16,U,LE3,T,2,1,at_home,other,course,mother,1,1,1,no,no,no,yes,yes,yes,no,yes,4,4,4,3,5,5,6,12,13,14,mother,1,1,1,no,no,no,yes,yes,yes,4,4,4,3,5,5,6,9,10,10,S156,12.0,11.0,6.0,Average,False
GP,F,15,R,GT3,T,3,3,services,services,reputation,other,2,3,2,no,yes,yes,yes,yes,yes,yes,yes,4,2,1,2,3,3,8,10,10,10,other,2,3,0,no,yes,yes,yes,yes,yes,4,2,1,2,3,3,2,13,13,13,S157,11.5,11.5,5.0,Average,False
GP,M,19,U,GT3,T,3,2,services,at_home,home,mother,1,1,3,no,yes,no,no,yes,no,yes,yes,4,5,4,1,1,4,0,5,0,0,mother,1,1,0,no,yes,no,no,no,yes,4,5,4,1,1,4,6,11,9,11,S158,5.5,6.25,3.0,Needs Improvement,False
GP,F,17,U,GT3,T,4,4,other,teacher,course,mother,1,1,0,yes,yes,no,no,yes,yes,no,yes,4,2,1,1,1,4,0,11,11,12,mother,1,1,0,yes,yes,no,no,yes,yes,4,2,1,1,1,4,0,13,13,13,S159,12.5,12.0,0.0,Average,False
GP,M,15,R,GT3,T,2,3,at_home,services,course,mother,1,2,0,yes,no,yes,yes,yes,yes,no,no,4,4,4,1,1,1,2,11,8,8,mother,1,2,0,yes,no,yes,yes,yes,no,4,4,4,1,1,1,0,7,8,8,S160,8.0,8.5,1.0,Needs Improvement,False
GP,M,17,R,LE3,T,1,2,other,other,reputation,mother,1,1,0,no,no,no,no,yes,yes,no,no,2,2,2,3,3,5,8,16,12,13,mother,1,1,3,no,no,no,no,yes,no,2,2,2,3,3,5,14,9,8,10,S161,11.5,11.25,11.0,Average,False
GP,F,18,R,GT3,T,1,1,at_home,other,course,mother,3,1,3,no,yes,no,yes,no,yes,no,no,5,2,5,1,5,4,6,9,8,10,mother,3,1,3,no,yes,no,yes,yes,no,5,2,5,1,5,4,6,11,10,11,S162,10.5,9.5,6.0,Average,False
GP,M,16,R,GT3,T,2,2,at_home,other,course,mother,3,1,0,no,no,no,no,no,yes,no,no,4,2,2,1,2,3,2,17,15,15,mother,3,1,0,no,no,no,no,yes,no,4,2,2,1,2,3,4,12,10,11,S163,13.0,13.5,3.0,Average,False
GP,M,16,U,GT3,T,3,3,other,services,course,father,1,2,1,no,yes,yes,no,yes,yes,yes,yes,4,5,5,4,4,5,4,10,12,12,father,1,2,1,no,yes,no,no,yes,yes,4,5,5,4,4,5,0,10,10,1,S164,6.5,10.5,2.0,Needs Improvement,False
GP,M,17,R,LE3,T,2,1,at_home,other,course,mother,2,1,2,no,no,no,yes,yes,no,yes,yes,3,3,2,2,2,5,0,7,6,0,mother,2,1,1,no,no,yes,yes,no,yes,3,3,2,2,2,5,8,8,8,9,S165,4.5,7.25,4.0,Needs Improvement,False
GP,M,17,R,LE3,T,1,1,other,services,course,mother,4,2,3,no,no,no,yes,yes,no,no,yes,5,3,5,1,5,5,0,5,8,7,mother,4,2,0,no,no,no,yes,no,yes,5,3,5,1,5,5,0,8,8,8,S166,7.5,7.25,0.0,Needs Improvement,False
GP,M,16,U,GT3,T,2,2,other,other,course,father,1,2,0,no,no,no,no,yes,no,yes,no,4,3,5,2,4,4,4,10,10,10,father,1,2,0,no,no,no,no,no,no,4,3,5,2,4,4,0,9,10,11,S167,10.5,9.75,2.0,Average,False
GP,F,16,U,GT3,T,4,2,health,services,home,father,1,2,0,no,no,yes,no,yes,yes,yes,yes,4,2,3,1,1,3,0,14,15,16,father,1,2,0,no,no,no,no,yes,yes,4,2,3,1,1,3,0,17,17,18,S168,17.0,15.75,0.0,Excellent,False
GP,F,16,U,GT3,T,2,2,other,other,home,mother,1,2,0,no,yes,yes,no,no,yes,yes,no,5,1,5,1,1,4,0,6,7,0,mother,1,2,0,no,yes,no,no,yes,no,5,1,5,1,1,4,0,12,12,13,S169,6.5,9.25,0.0,Needs Improvement,False
GP,F,16,U,GT3,T,4,4,health,health,reputation,mother,1,2,0,no,yes,yes,no,yes,yes,yes,yes,4,4,2,1,1,3,0,14,14,14,mother,1,2,0,no,yes,no,no,yes,yes,4,4,2,1,1,3,0,16,16,17,S170,15.5,15.0,0.0,Good,False
GP,M,16,U,GT3,T,3,4,other,other,course,father,3,1,2,no,yes,no,yes,no,yes,yes,no,3,4,5,2,4,2,0,6,5,0,father,3,1,1,no,yes,no,yes,yes,no,3,4,5,2,4,2,4,9,9,10,S171,5.0,7.25,2.0,Needs Improvement,False
GP,M,16,U,GT3,T,1,0,other,other,reputation,mother,2,2,0,no,yes,yes,yes,yes,yes,yes,yes,4,3,2,1,1,3,2,13,15,16,mother,2,2,0,no,yes,no,yes,yes,yes,4,3,2,1,1,3,0,16,17,18,S172,17.0,15.25,1.0,Excellent,False
GP,M,17,U,LE3,T,4,4,teacher,other,reputation,mother,1,2,0,no,yes,yes,yes,yes,yes,yes,no,4,4,4,1,3,5,0,13,11,10,mother,1,2,0,no,yes,no,yes,yes,no,4,4,4,1,3,5,0,11,9,10,S173,10.0,11.0,0.0,Average,False
GP,F,16,U,GT3,T,1,3,at_home,services,home,mother,1,2,3,no,no,no,yes,no,yes,yes,yes,4,3,5,1,1,3,0,8,7,0,mother,1,2,0,no,no,no,yes,yes,yes,4,3,5,1,1,3,0,14,13,13,S174,6.5,10.5,0.0,Needs Improvement,False
GP,F,16,U,LE3,T,3,3,other,other,reputation,mother,2,2,0,no,yes,yes,yes,yes,yes,yes,no,4,4,5,1,1,4,4,10,11,9,mother,2,2,0,no,yes,no,yes,yes,no,4,4,5,1,1,4,0,14,14,15,S175,12.0,12.25,2.0,Average,False
GP,M,17,U,LE3,T,4,3,teacher,other,course,mother,2,2,0,no,no,yes,yes,yes,yes,yes,no,4,4,4,4,4,4,4,10,9,9,mother,2,2,0,no,no,no,yes,yes,no,4,4,4,4,4,4,0,10,11,11,S176,10.0,10.0,2.0,Average,False
GP,F,16,U,GT3,T,2,2,services,other,reputation,mother,2,2,0,no,no,yes,yes,no,yes,yes,no,3,4,4,1,4,5,2,13,13,11,mother,2,2,0,no,no,no,yes,yes,no,3,4,4,1,4,5,0,13,12,14,S177,12.5,12.75,1.0,Average,False
GP,M,17,U,GT3,T,3,3,other,other,reputation,father,1,2,0,no,no,no,yes,no,yes,yes,no,4,3,4,1,4,4,4,6,5,6,father,1,2,0,no,no,no,yes,yes,no,4,3,4,1,4,4,4,11,9,10,S178,8.0,7.75,4.0,Needs Improvement,False
GP,M,16,R,GT3,T,4,2,teacher,services,other,mother,1,1,0,no,yes,no,yes,yes,yes,yes,yes,4,3,3,3,4,3,10,10,8,9,mother,1,1,0,no,yes,no,yes,yes,yes,4,3,3,3,4,3,8,10,9,11,S179,10.0,9.25,9.0,Average,False
GP,M,17,U,GT3,T,4,3,other,other,course,mother,1,2,0,no,yes,no,yes,yes,yes,yes,yes,5,2,3,1,1,2,4,10,10,11,mother,1,2,0,no,yes,yes,yes,yes,yes,5,2,3,1,1,2,4,11,11,13,S180,12.0,10.5,4.0,Average,False
GP,M,16,U,GT3,T,4,3,teacher,other,home,mother,1,2,0,no,yes,yes,yes,yes,yes,yes,no,3,4,3,2,3,3,10,9,8,8,mother,1,2,0,no,yes,yes,yes,yes,no,3,4,3,2,3,3,4,11,10,11,S181,9.5,9.5,7.0,Average,False
GP,M,16,U,GT3,T,3,3,services,other,home,mother,1,2,0,no,no,yes,yes,yes,yes,yes,yes,4,2,3,1,2,3,2,12,13,12,father,1,3,0,no,yes,no,yes,yes,no,5,3,3,1,1,5,4,13,14,14,S182,13.0,13.0,3.0,Average,False
GP,M,16,U,GT3,T,3,3,services,other,home,mother,1,2,0,no,no,yes,yes,yes,yes,yes,yes,4,2,3,1,2,3,2,12,13,12,mother,1,2,0,no,no,no,yes,yes,yes,4,2,3,1,2,3,0,11,12,13,S183,12.5,12.0,1.0,Average,False
GP,F,17,U,GT3,T,2,4,services,services,reputation,father,1,2,0,no,yes,no,yes,yes,yes,no,no,5,4,2,2,3,5,0,16,17,17,father,1,2,0,no,yes,no,yes,yes,no,5,4,2,2,3,5,0,17,18,17,S184,17.0,17.0,0.0,Excellent,False
GP,F,17,U,LE3,T,3,3,other,other,reputation,mother,1,2,0,no,yes,no,yes,yes,yes,yes,yes,5,3,3,2,3,1,56,9,9,8,mother,1,2,0,no,yes,no,yes,yes,yes,5,3,3,2,3,1,32,14,13,14,S185,11.0,11.25,44.0,Average,False
GP,F,16,U,GT3,T,3,2,other,other,reputation,mother,1,2,0,no,yes,yes,no,yes,yes,yes,no,1,2,2,1,2,1,14,12,13,12,mother,1,2,0,no,yes,no,no,yes,no,1,2,2,1,2,1,8,14,15,16,S186,14.0,13.5,11.0,Good,False
GP,M,17,U,GT3,T,3,3,services,services,other,mother,1,2,0,no,yes,no,yes,yes,yes,yes,yes,4,3,4,2,3,4,12,12,12,11,mother,1,2,0,no,yes,no,yes,yes,yes,4,3,4,2,3,4,6,11,13,14,S187,12.5,12.0,9.0,Average,False
GP,M,16,U,GT3,T,1,2,services,services,other,mother,1,1,0,no,yes,yes,yes,yes,yes,yes,yes,3,3,3,1,2,3,2,11,12,11,mother,1,1,0,no,yes,no,yes,yes,yes,3,3,3,1,2,3,0,10,9,11,S188,11.0,10.5,1.0,Average,False
GP,M,16,U,LE3,T,2,1,other,other,course,mother,1,2,0,no,no,yes,yes,yes,yes,yes,yes,4,2,3,1,2,5,0,15,15,15,mother,1,2,0,no,no,no,yes,yes,yes,4,2,3,1,2,5,0,13,14,16,S189,15.5,14.25,0.0,Good,False
GP,F,17,U,GT3,A,3,3,health,other,reputation,mother,1,2,0,no,yes,no,no,no,yes,yes,yes,3,3,3,1,3,3,6,8,7,9,mother,1,2,0,no,yes,no,no,yes,yes,3,3,3,1,3,3,10,12,13,14,S190,11.5,10.0,8.0,Average,False
GP,M,17,R,GT3,T,1,2,at_home,other,home,mother,1,2,0,no,no,no,no,yes,yes,no,no,3,1,3,1,5,3,4,8,9,10,mother,1,2,0,no,no,no,no,yes,no,3,1,3,1,5,3,6,9,9,10,S191,10.0,8.75,5.0,Average,False
GP,F,16,U,GT3,T,2,3,services,services,course,mother,1,2,0,no,no,no,no,yes,yes,yes,no,4,3,3,1,1,2,10,11,12,13,mother,1,2,0,no,no,no,no,yes,no,4,3,3,1,1,2,6,12,12,13,S192,13.0,11.75,8.0,Average,False
GP,F,17,U,GT3,T,1,1,at_home,services,course,mother,1,2,0,no,no,no,yes,yes,yes,yes,no,5,3,3,1,1,3,0,8,8,9,mother,1,2,0,no,no,no,yes,yes,no,5,3,3,1,1,3,0,12,11,12,S193,10.5,9.75,0.0,Average,False
GP,M,17,U,GT3,T,1,2,at_home,services,other,other,2,2,0,no,no,yes,yes,no,yes,yes,no,4,4,4,4,5,5,12,7,8,8,other,2,2,0,no,no,no,yes,yes,no,4,4,4,4,5,5,16,10,11,12,S194,10.0,9.0,14.0,Average,False
GP,M,16,R,GT3,T,3,3,services,services,reputation,mother,1,1,0,no,yes,no,yes,yes,yes,yes,no,4,3,2,3,4,5,8,8,9,10,mother,1,1,0,no,yes,no,yes,yes,no,4,3,2,3,4,5,0,11,10,10,S195,10.0,9.5,4.0,Average,False
GP,M,16,U,GT3,T,2,3,other,other,home,father,2,1,0,no,no,no,no,yes,yes,yes,no,5,3,3,1,1,3,0,13,14,14,father,2,1,0,no,no,no,no,yes,no,5,3,3,1,1,3,0,13,12,12,S196,13.0,13.0,0.0,Average,False
GP,F,17,U,LE3,T,2,4,services,services,course,father,1,2,0,no,no,no,yes,yes,yes,yes,yes,4,3,2,1,1,5,0,14,15,15,father,1,2,0,no,no,no,yes,yes,yes,4,3,2,1,1,5,8,14,15,16,S197,15.5,14.5,4.0,Good,False
GP,M,17,U,GT3,T,4,4,services,teacher,home,mother,1,1,0,no,no,no,no,yes,yes,yes,no,5,2,3,1,2,5,4,17,15,16,mother,1,1,0,no,no,no,no,yes,no,5,2,3,1,2,5,4,13,13,14,S198,15.0,14.5,4.0,Good,False
GP,M,16,R,LE3,T,3,3,teacher,other,home,father,3,1,0,no,yes,yes,yes,yes,yes,yes,no,3,3,4,3,5,3,8,9,9,10,father,3,1,0,no,yes,no,yes,yes,no,3,3,4,3,5,3,16,10,11,12,S199,11.0,9.75,12.0,Average,False
GP,F,17,U,GT3,T,4,4,services,teacher,home,mother,2,1,1,no,yes,no,no,yes,yes,yes,no,4,2,4,2,3,2,24,18,18,18,mother,2,1,1,no,yes,no,no,yes,no,4,2,4,2,3,2,30,14,15,16,S200,17.0,16.25,27.0,Excellent,False
GP,F,16,U,LE3,T,4,4,teacher,teacher,reputation,mother,1,2,0,no,yes,yes,no,yes,yes,yes,no,4,5,2,1,2,3,0,9,9,10,mother,1,2,0,no,yes,no,no,yes,no,4,5,2,1,2,3,0,11,10,11,S201,10.5,9.75,0.0,Average,False
GP,F,16,U,GT3,T,4,3,health,other,home,mother,1,2,0,no,yes,no,yes,yes,yes,yes,no,4,3,5,1,5,2,2,16,16,16,mother,1,2,0,no,yes,no,yes,yes,no,4,3,5,1,5,2,2,14,14,15,S202,15.5,15.0,2.0,Good,False
GP,F,16,U,GT3,T,2,3,other,other,reputation,mother,1,2,0,yes,yes,yes,yes,yes,yes,no,no,4,4,3,1,3,4,6,8,10,10,mother,1,2,0,yes,yes,no,yes,yes,no,4,4,3,1,3,4,4,11,12,12,S203,11.0,10.25,5.0,Average,False
GP,F,17,U,GT3,T,1,1,other,other,course,mother,1,2,0,no,yes,yes,no,no,yes,no,no,4,4,4,1,3,1,4,9,9,10,mother,1,2,0,no,yes,no,no,yes,no,4,4,4,1,3,1,0,14,15,15,S204,12.5,11.75,2.0,Average,False
GP,F,17,R,GT3,T,2,2,other,other,reputation,mother,1,1,0,no,yes,no,no,yes,yes,yes,no,5,3,2,1,2,3,18,7,6,6,mother,1,1,0,no,yes,no,no,yes,no,5,3,2,1,2,3,21,13,13,13,S205,9.5,9.75,19.5,Average,False
GP,F,16,R,GT3,T,2,2,services,services,reputation,mother,2,4,0,no,yes,yes,yes,no,yes,yes,no,5,3,5,1,1,5,6,10,10,11,mother,2,4,0,no,yes,no,yes,yes,no,5,3,5,1,1,5,6,13,13,13,S206,12.0,11.5,6.0,Average,False
GP,F,17,U,GT3,T,3,4,at_home,services,home,mother,1,3,1,no,yes,yes,no,yes,yes,yes,yes,4,4,3,3,4,5,28,10,9,9,mother,1,3,1,no,yes,yes,no,yes,yes,4,4,3,3,4,5,14,8,9,8,S207,8.5,9.0,21.0,Needs Improvement,False
GP,F,16,U,GT3,A,3,1,services,other,course,mother,1,2,3,no,yes,yes,no,yes,yes,yes,no,2,3,3,2,2,4,5,7,7,7,mother,1,2,0,no,yes,no,no,yes,no,2,3,3,2,2,4,2,11,11,12,S208,9.5,9.0,3.5,Average,False
GP,F,16,U,GT3,T,4,3,teacher,other,other,mother,1,2,0,no,no,yes,yes,yes,yes,yes,yes,1,3,2,1,1,1,10,11,12,13,mother,1,2,0,no,no,no,yes,yes,yes,1,3,2,1,1,1,4,14,15,15,S209,14.0,13.0,7.0,Good,False
GP,F,16,U,GT3,T,1,1,at_home,other,home,mother,2,1,0,no,yes,yes,no,yes,yes,no,no,4,3,2,1,4,5,6,9,9,10,mother,2,1,0,no,yes,no,no,yes,no,4,3,2,1,4,5,2,12,13,13,S210,11.5,10.75,4.0,Average,False
GP,F,17,R,GT3,T,4,3,teacher,other,reputation,mother,2,3,0,no,yes,yes,yes,yes,yes,yes,yes,4,4,2,1,1,4,6,7,7,7,mother,2,3,0,no,yes,no,yes,yes,yes,4,4,2,1,1,4,0,11,12,12,S211,9.5,9.25,3.0,Average,False
GP,F,19,U,GT3,T,3,3,other,other,reputation,other,1,4,0,no,yes,yes,yes,yes,yes,yes,no,4,3,3,1,2,3,10,8,8,8,other,1,4,0,no,yes,no,yes,yes,no,4,3,3,1,2,3,4,12,12,12,S212,10.0,10.0,7.0,Average,False
GP,M,17,U,LE3,T,4,4,services,other,home,mother,1,2,0,no,yes,yes,no,yes,yes,yes,yes,5,3,5,4,5,3,13,12,12,13,mother,1,2,0,no,yes,no,no,yes,yes,5,3,5,4,5,3,15,13,12,12,S213,12.5,12.25,14.0,Average,False
GP,F,16,U,GT3,A,2,2,other,other,reputation,mother,1,2,0,yes,yes,yes,no,yes,yes,yes,no,3,3,4,1,1,4,0,12,13,14,mother,1,2,0,yes,yes,no,no,yes,no,3,3,4,1,1,4,0,13,13,13,S214,13.5,12.75,0.0,Good,False
GP,M,18,U,GT3,T,2,2,services,other,home,mother,1,2,1,no,yes,yes,yes,yes,yes,yes,no,4,4,4,2,4,5,15,6,7,8,mother,1,2,0,no,yes,no,yes,yes,no,4,4,4,2,4,5,10,12,11,11,S215,9.5,9.0,12.5,Average,False
GP,F,17,R,LE3,T,4,4,services,other,other,mother,1,1,0,no,yes,yes,no,yes,yes,no,no,5,2,1,1,2,3,12,8,10,10,mother,1,1,0,no,yes,no,no,yes,no,5,2,1,1,2,3,6,12,11,11,S216,10.5,10.25,9.0,Average,False
GP,F,17,U,LE3,T,3,2,other,other,reputation,mother,2,2,0,no,no,yes,no,yes,yes,yes,no,4,4,4,1,3,1,2,14,15,15,mother,2,2,0,no,no,no,no,yes,no,4,4,4,1,3,1,2,14,16,15,S217,15.0,14.75,2.0,Good,False
GP,F,17,U,GT3,T,4,3,other,other,reputation,mother,1,2,2,no,no,yes,no,yes,yes,yes,yes,3,4,5,2,4,1,22,6,6,4,mother,1,2,0,no,no,no,no,yes,yes,3,4,5,2,4,1,16,11,9,10,S218,7.0,8.0,19.0,Needs Improvement,False
GP,M,18,U,LE3,T,3,3,services,health,home,father,1,2,1,no,yes,yes,no,yes,yes,yes,no,3,2,4,2,4,4,13,6,6,8,father,1,2,0,no,yes,no,no,yes,no,3,2,4,2,4,4,10,10,10,10,S219,9.0,8.0,11.5,Needs Improvement,False
GP,F,17,U,GT3,T,2,3,at_home,other,home,father,2,1,0,no,yes,yes,no,yes,yes,no,no,3,3,3,1,4,3,3,7,7,8,father,2,1,0,no,yes,no,no,yes,no,3,3,3,1,4,3,4,12,13,13,S220,10.5,9.75,3.5,Average,False
GP,F,17,U,GT3,T,2,2,at_home,at_home,course,mother,1,3,0,no,yes,yes,yes,yes,yes,yes,no,4,3,3,1,1,4,4,9,10,10,mother,1,3,0,no,yes,no,yes,yes,no,4,3,3,1,1,4,0,12,12,13,S221,11.5,10.75,2.0,Average,False
GP,F,17,R,GT3,T,2,1,at_home,services,reputation,mother,2,2,0,no,yes,no,yes,yes,yes,yes,no,4,2,5,1,2,5,2,6,6,6,mother,2,2,0,no,yes,no,yes,yes,no,4,2,5,1,2,5,0,11,10,11,S222,8.5,8.25,1.0,Needs Improvement,False
GP,F,17,U,GT3,T,1,1,at_home,other,reputation,mother,1,3,1,no,yes,no,yes,yes,yes,no,yes,4,3,4,1,1,5,0,6,5,0,mother,1,3,0,no,yes,no,yes,yes,yes,4,3,4,1,1,5,12,12,12,12,S223,6.0,8.75,6.0,Needs Improvement,False
GP,F,16,U,GT3,T,2,3,services,teacher,other,mother,1,2,0,yes,no,no,no,yes,yes,yes,no,2,3,1,1,1,3,2,16,16,17,mother,1,2,0,yes,no,no,no,yes,no,2,3,1,1,1,3,0,13,13,14,S224,15.5,14.5,1.0,Good,False
GP,M,18,U,GT3,T,2,2,other,other,home,mother,2,2,0,no,yes,yes,no,yes,yes,yes,no,3,3,3,5,5,4,0,12,13,13,mother,2,2,3,no,yes,yes,no,yes,no,3,3,3,5,5,4,9,10,9,10,S225,11.5,11.0,4.5,Average,False
GP,F,16,U,GT3,T,4,4,teacher,services,home,mother,1,3,0,no,yes,no,yes,no,yes,yes,no,5,3,2,1,1,5,0,13,13,14,mother,1,3,0,no,yes,no,yes,yes,no,5,3,2,1,1,5,4,15,16,16,S226,15.0,14.25,2.0,Good,False
GP,F,18,R,GT3,T,3,1,other,other,reputation,mother,1,2,1,no,no,no,yes,yes,yes,yes,yes,5,3,3,1,1,4,16,9,8,7,mother,1,2,0,no,no,no,yes,yes,yes,5,3,3,1,1,4,4,8,8,8,S227,7.5,8.25,10.0,Needs Improvement,False
GP,F,17,U,GT3,T,3,2,other,other,course,mother,1,2,0,no,no,no,yes,no,yes,yes,no,5,3,4,1,3,3,10,16,15,15,mother,1,2,0,no,no,no,yes,yes,no,5,3,4,1,3,3,2,17,18,17,S228,16.0,16.5,6.0,Good,False
GP,M,17,U,LE3,T,2,3,services,services,reputation,father,1,2,0,no,yes,yes,no,no,yes,yes,no,5,3,3,1,3,3,2,12,11,12,father,1,2,0,no,yes,no,no,yes,no,5,3,3,1,3,3,0,10,11,11,S229,11.5,11.0,1.0,Average,False
GP,M,18,U,LE3,T,2,1,at_home,other,course,mother,4,2,0,yes,yes,yes,yes,yes,yes,yes,yes,4,3,2,4,5,3,14,10,8,9,mother,4,2,0,yes,yes,no,yes,yes,yes,4,3,2,4,5,3,2,9,10,11,S230,10.0,9.25,8.0,Average,False
GP,F,17,U,GT3,A,2,1,other,other,course,mother,2,3,0,no,no,no,yes,yes,yes,yes,yes,3,2,3,1,2,3,10,12,10,12,mother,2,3,0,no,no,no,yes,yes,yes,3,2,3,1,2,3,0,15,15,16,S231,14.0,13.0,5.0,Good,False
GP,F,17,U,LE3,T,4,3,health,other,reputation,father,1,2,0,no,no,no,yes,yes,yes,yes,yes,3,2,3,1,2,3,14,13,13,14,father,1,2,0,no,no,no,yes,yes,yes,3,2,3,1,2,3,0,14,12,12,S232,13.0,13.0,7.0,Average,False
GP,M,17,R,GT3,T,2,2,other,other,course,father,2,2,0,no,yes,yes,yes,yes,yes,yes,no,4,5,2,1,1,1,4,11,11,11,father,2,2,0,no,yes,no,yes,yes,no,4,5,2,1,1,1,0,12,13,13,S233,12.0,11.75,2.0,Average,False
GP,M,17,U,GT3,T,4,4,teacher,teacher,reputation,mother,1,2,0,yes,yes,no,yes,yes,yes,yes,yes,4,5,5,1,3,2,14,11,9,9,mother,1,2,0,yes,yes,no,yes,yes,yes,4,5,5,1,3,2,0,13,13,13,S234,11.0,11.5,7.0,Average,False
GP,M,16,U,GT3,T,4,4,health,other,reputation,father,1,2,0,no,yes,yes,yes,yes,yes,yes,no,4,2,4,2,4,1,2,14,13,13,father,1,2,0,no,yes,no,yes,yes,no,4,2,4,2,4,1,0,13,13,14,S235,13.5,13.25,1.0,Good,False
GP,M,16,U,LE3,T,1,1,other,other,home,mother,2,2,0,no,yes,yes,no,yes,yes,yes,no,3,4,2,1,1,5,18,9,7,6,mother,2,2,0,no,yes,no,no,yes,no,3,4,2,1,1,5,2,9,9,9,S236,7.5,8.5,10.0,Needs Improvement,False
GP,M,16,U,GT3,T,3,2,at_home,other,reputation,mother,2,3,0,no,no,no,yes,yes,yes,yes,yes,5,3,3,1,3,2,10,11,9,10,mother,2,3,0,no,no,no,yes,yes,yes,5,3,3,1,3,2,0,12,12,12,S237,11.0,11.0,5.0,Average,False
GP,M,17,U,LE3,T,2,2,other,other,home,father,1,2,0,no,no,yes,yes,no,yes,yes,yes,4,4,2,5,5,4,4,14,13,13,father,1,2,0,no,no,no,yes,yes,yes,4,4,2,5,5,4,0,16,16,16,S238,14.5,14.75,2.0,Good,False
GP,F,16,U,GT3,T,2,1,other,other,home,mother,1,1,0,no,no,no,no,yes,yes,yes,yes,4,5,2,1,1,5,20,13,12,12,mother,1,1,0,no,no,no,no,yes,yes,4,5,2,1,1,5,4,9,10,10,S239,11.0,11.0,12.0,Average,False
GP,F,17,R,GT3,T,2,1,at_home,services,course,mother,3,2,0,no,no,no,yes,yes,yes,no,no,2,1,1,1,1,3,2,13,11,11,mother,3,2,0,no,no,no,yes,yes,no,2,1,1,1,1,3,2,13,13,13,S240,12.0,12.5,2.0,Average,False
GP,M,18,U,GT3,T,2,2,other,services,reputation,father,1,2,1,no,no,no,no,yes,no,yes,no,5,5,4,3,5,2,0,7,7,0,father,1,2,0,no,no,no,no,no,no,5,5,4,3,5,2,16,8,7,8,S241,4.0,7.25,8.0,Needs Improvement,False
GP,M,17,U,LE3,T,4,3,health,other,course,mother,2,2,0,no,no,no,yes,yes,yes,yes,yes,2,5,5,1,4,5,14,12,12,12,mother,2,2,0,no,no,no,yes,yes,yes,2,5,5,1,4,5,8,15,15,15,S242,13.5,13.5,11.0,Good,False
GP,M,17,R,LE3,A,4,4,teacher,other,course,mother,2,2,0,no,yes,yes,no,yes,yes,yes,no,3,3,3,2,3,4,2,10,11,12,mother,2,2,0,no,yes,no,no,yes,no,3,3,3,2,3,4,0,12,12,12,S243,12.0,11.25,1.0,Average,False
GP,M,16,U,LE3,T,4,3,teacher,other,course,mother,1,1,0,no,no,no,yes,no,yes,yes,no,5,4,5,1,1,3,0,6,0,0,mother,1,1,0,no,no,no,yes,yes,no,5,4,5,1,1,3,7,14,14,15,S244,7.5,8.5,3.5,Needs Improvement,False
GP,M,16,U,GT3,T,4,4,services,services,course,mother,1,1,0,no,no,no,yes,yes,yes,yes,no,5,3,2,1,2,5,0,13,12,12,mother,1,3,0,no,yes,no,yes,yes,no,5,3,3,1,3,5,0,15,13,13,S245,12.5,13.25,0.0,Average,False
GP,M,16,U,GT3,T,4,4,services,services,course,mother,1,1,0,no,no,no,yes,yes,yes,yes,no,5,3,2,1,2,5,0,13,12,12,mother,1,1,0,no,no,yes,yes,yes,no,5,3,2,1,2,5,4,14,15,15,S246,13.5,13.5,2.0,Good,False
GP,F,18,U,GT3,T,2,1,other,other,course,other,2,3,0,no,yes,yes,no,no,yes,yes,yes,4,4,4,1,1,3,0,7,0,0,other,2,3,0,no,yes,no,no,yes,yes,4,4,4,1,1,3,10,12,10,11,S247,5.5,7.25,5.0,Needs Improvement,False
GP,M,16,U,GT3,T,2,1,other,other,course,mother,3,1,0,no,no,no,no,yes,yes,yes,no,4,3,3,1,1,4,6,18,18,18,mother,3,1,0,no,no,no,no,yes,no,4,3,3,1,1,4,7,15,16,16,S248,17.0,16.75,6.5,Excellent,False
GP,M,17,U,GT3,T,2,3,other,other,course,father,2,1,0,no,no,no,no,yes,yes,yes,no,5,2,2,1,1,2,4,12,12,13,father,2,1,0,no,no,no,no,yes,no,5,2,2,1,1,2,2,9,12,13,S249,13.0,11.25,3.0,Average,False
GP,M,22,U,GT3,T,3,1,services,services,other,mother,1,1,3,no,no,no,no,no,no,yes,yes,5,4,5,5,5,1,16,6,8,8,mother,1,1,3,no,no,no,no,no,yes,5,4,5,5,5,1,12,7,8,5,S250,6.5,7.25,14.0,Needs Improvement,False
GP,M,18,R,LE3,T,3,3,other,services,course,mother,1,2,1,no,yes,no,no,yes,yes,yes,yes,4,3,3,1,3,5,8,3,5,5,mother,1,2,0,no,yes,no,no,yes,yes,4,3,3,1,3,5,8,10,9,10,S251,7.5,6.75,8.0,Needs Improvement,False
GP,M,16,U,GT3,T,0,2,other,other,other,mother,1,1,0,no,no,yes,no,no,yes,yes,no,4,3,2,2,4,5,0,13,15,15,mother,1,1,0,no,no,no,no,yes,no,4,3,2,2,4,5,0,11,12,11,S252,13.0,12.75,0.0,Average,False
GP,M,18,U,GT3,T,3,2,services,other,course,mother,2,1,1,no,no,no,no,yes,no,yes,no,4,4,5,2,4,5,0,6,8,8,mother,2,1,0,no,no,no,no,no,no,4,4,5,2,4,5,8,7,8,7,S253,7.5,7.25,4.0,Needs Improvement,False
GP,M,16,U,GT3,T,3,3,at_home,other,reputation,other,3,2,0,yes,yes,no,no,no,yes,yes,no,5,3,3,1,3,2,6,7,10,10,other,3,2,1,yes,yes,no,no,yes,no,5,3,3,1,3,2,4,9,11,10,S254,10.0,9.25,5.0,Average,False
GP,M,18,U,GT3,T,2,1,services,services,other,mother,1,1,1,no,no,no,no,no,no,yes,no,3,2,5,2,5,5,4,6,9,8,mother,1,1,2,no,no,no,no,no,no,3,2,5,2,5,5,4,7,8,6,S255,7.0,7.5,4.0,Needs Improvement,False
GP,M,16,R,GT3,T,2,1,other,other,course,mother,2,1,0,no,no,no,yes,no,yes,no,no,3,3,2,1,3,3,0,8,9,8,mother,2,1,0,no,no,no,yes,yes,no,3,3,2,1,3,3,2,14,13,12,S256,10.0,11.0,1.0,Average,False
GP,M,17,R,GT3,T,2,1,other,other,course,mother,1,1,0,no,no,no,no,no,yes,yes,no,4,4,2,2,4,5,0,8,12,12,mother,1,1,0,no,no,no,no,yes,no,4,4,2,2,4,5,0,12,12,13,S257,12.5,11.0,0.0,Average,False
GP,M,17,U,LE3,T,1,1,health,other,course,mother,2,1,1,no,yes,no,yes,yes,yes,yes,no,4,4,4,1,2,5,2,7,9,8,mother,2,1,1,no,yes,no,yes,yes,no,4,4,4,1,2,5,0,9,10,10,S258,9.0,8.75,1.0,Needs Improvement,False
GP,F,17,U,LE3,T,4,2,teacher,services,reputation,mother,1,4,0,no,yes,yes,yes,yes,yes,yes,no,4,2,3,1,1,4,6,14,12,13,mother,1,4,0,no,yes,no,yes,yes,no,4,2,3,1,1,4,2,14,15,17,S259,15.0,13.75,4.0,Good,False
GP,M,19,U,LE3,A,4,3,services,at_home,reputation,mother,1,2,0,no,yes,no,no,yes,yes,yes,no,4,3,1,1,1,1,12,11,11,11,mother,1,2,0,no,yes,no,no,yes,no,4,3,1,1,1,1,4,11,13,14,S260,12.5,11.5,8.0,Average,False
GP,M,18,U,GT3,T,2,1,other,other,home,mother,1,2,0,no,no,no,yes,yes,yes,yes,no,5,2,4,1,2,4,8,15,14,14,mother,1,2,0,no,no,no,yes,yes,no,5,2,4,1,2,4,2,16,16,16,S261,15.0,15.25,5.0,Good,False
GP,F,17,U,LE3,T,2,2,services,services,course,father,1,4,0,no,no,yes,yes,yes,yes,yes,yes,3,4,1,1,1,2,0,10,9,0,father,1,4,0,no,no,no,yes,yes,yes,3,4,1,1,1,2,2,10,11,12,S262,6.0,10.0,1.0,Needs Improvement,False
GP,F,18,U,GT3,T,4,3,services,other,home,father,1,2,0,no,yes,yes,no,yes,yes,yes,yes,3,1,2,1,3,2,21,17,18,18,father,1,2,0,no,yes,no,no,yes,yes,3,1,2,1,3,2,2,15,15,15,S263,16.5,16.25,11.5,Excellent,False
GP,M,18,U,GT3,T,4,3,teacher,other,course,mother,1,2,0,no,yes,yes,no,no,yes,yes,no,4,3,2,1,1,3,2,8,8,8,mother,1,2,0,no,yes,no,no,yes,no,4,3,2,1,1,3,2,10,10,11,S264,9.5,9.0,2.0,Average,False
GP,M,18,R,GT3,T,3,2,other,other,course,mother,1,3,0,no,no,no,yes,no,yes,no,no,5,3,2,1,1,3,1,13,12,12,mother,1,3,0,no,no,no,yes,yes,no,5,3,2,1,1,3,2,10,11,12,S265,12.0,11.5,1.5,Average,False
GP,F,17,U,GT3,T,3,3,other,other,home,mother,1,3,0,no,no,no,yes,no,yes,no,no,3,2,3,1,1,4,4,10,9,9,mother,1,3,0,no,no,no,yes,yes,no,3,2,3,1,1,4,2,15,12,13,S266,11.0,11.5,3.0,Average,False
GP,F,18,U,GT3,T,2,2,at_home,services,home,mother,1,3,0,no,yes,yes,yes,yes,yes,yes,yes,4,3,3,1,1,3,0,9,10,0,mother,1,3,0,no,yes,no,yes,yes,yes,4,3,3,1,1,3,0,11,12,13,S267,6.5,10.5,0.0,Needs Improvement,False
GP,M,18,R,LE3,A,3,4,other,other,reputation,mother,2,2,0,no,yes,yes,yes,yes,yes,yes,no,4,2,5,3,4,1,13,17,17,17,mother,2,2,0,no,yes,no,yes,yes,no,4,2,5,3,4,1,6,15,16,16,S268,16.5,16.25,9.5,Excellent,False
GP,M,17,U,GT3,T,3,1,services,other,other,mother,1,2,0,no,no,yes,yes,yes,yes,yes,yes,5,4,4,3,4,5,2,9,9,10,mother,1,2,0,no,no,no,yes,yes,yes,5,4,4,3,4,5,0,11,11,14,S269,12.0,10.0,1.0,Average,False
GP,F,18,R,GT3,T,4,4,teacher,other,reputation,mother,2,2,0,no,no,yes,yes,yes,yes,yes,no,4,3,4,2,2,4,8,12,10,11,mother,2,2,0,no,no,no,yes,yes,no,4,3,4,2,2,4,8,10,11,12,S270,11.5,10.75,8.0,Average,False
GP,M,18,U,GT3,T,4,2,health,other,reputation,father,1,2,0,no,yes,yes,yes,yes,yes,yes,yes,5,4,5,1,3,5,10,10,9,10,father,1,2,0,no,yes,no,yes,yes,yes,5,4,5,1,3,5,4,10,12,14,S271,12.0,10.25,7.0,Average,False
GP,F,18,R,GT3,T,2,1,other,other,reputation,mother,2,2,0,no,yes,no,no,yes,no,yes,yes,4,3,5,1,2,3,0,6,0,0,mother,2,2,0,no,yes,no,no,no,yes,4,3,5,1,2,3,12,8,9,10,S272,5.0,5.75,6.0,Needs Improvement,False
GP,F,19,U,GT3,T,3,3,other,services,home,other,1,2,2,no,yes,yes,yes,yes,yes,yes,no,4,3,5,3,3,5,15,9,9,9,other,1,2,0,no,yes,no,yes,yes,no,4,3,5,3,3,5,16,11,12,12,S273,10.5,10.25,15.5,Average,False
GP,F,18,U,GT3,T,2,3,other,services,reputation,father,1,4,0,no,yes,yes,yes,yes,yes,yes,yes,4,5,5,1,3,2,4,15,14,14,father,1,4,0,no,yes,no,yes,yes,yes,4,5,5,1,3,2,10,16,16,16,S274,15.0,15.25,7.0,Good,False
GP,F,18,U,LE3,T,1,1,other,other,home,mother,2,2,0,no,yes,yes,no,no,yes,no,no,4,4,3,1,1,3,2,11,11,11,mother,2,2,0,no,yes,no,no,yes,no,4,4,3,1,1,3,2,13,13,13,S275,12.0,12.0,2.0,Average,False
GP,M,17,R,GT3,T,1,2,at_home,at_home,home,mother,1,2,0,no,yes,yes,yes,no,yes,no,yes,3,5,2,2,2,1,2,15,14,14,mother,1,2,0,no,yes,no,yes,yes,yes,3,5,2,2,2,1,2,16,17,18,S276,16.0,15.5,2.0,Good,False
GP,F,17,U,GT3,T,2,4,at_home,health,reputation,mother,2,2,0,no,yes,yes,no,yes,yes,yes,yes,4,3,3,1,1,1,2,10,10,10,mother,2,2,0,no,yes,no,no,yes,yes,4,3,3,1,1,1,6,15,16,16,S277,13.0,12.75,4.0,Average,False
GP,F,17,U,LE3,T,2,2,services,other,course,mother,2,2,0,yes,yes,yes,no,yes,yes,yes,yes,4,4,4,2,3,5,6,12,12,12,mother,2,2,0,yes,yes,no,no,yes,yes,4,4,4,2,3,5,6,12,12,12,S278,12.0,12.0,6.0,Average,False
GP,F,18,R,GT3,A,3,2,other,services,home,mother,2,2,0,no,no,no,no,no,no,yes,yes,4,1,1,1,1,5,75,10,9,9,mother,2,2,0,no,no,no,no,no,yes,4,1,1,1,1,5,15,12,9,10,S279,9.5,10.0,45.0,Average,False
GP,M,18,U,GT3,T,4,4,teacher,services,home,mother,2,1,0,no,no,yes,yes,yes,yes,yes,no,3,2,4,1,4,3,22,9,9,9,mother,2,1,0,no,no,no,yes,yes,no,3,2,4,1,4,3,6,11,12,12,S280,10.5,10.25,14.0,Average,False
GP,M,18,U,GT3,T,4,4,teacher,services,home,mother,2,1,0,no,no,yes,yes,yes,yes,yes,no,3,2,4,1,4,3,22,9,9,9,father,1,2,0,no,yes,no,yes,yes,no,4,3,3,2,2,2,0,12,12,13,S281,11.0,10.5,11.0,Average,False
GP,F,18,U,GT3,T,4,4,health,health,reputation,father,1,2,1,yes,yes,no,yes,yes,yes,yes,yes,2,4,4,1,1,4,15,9,8,8,father,1,2,1,yes,yes,no,yes,yes,yes,2,4,4,1,1,4,2,14,12,13,S282,10.5,10.75,8.5,Average,False
GP,M,18,U,LE3,T,4,3,teacher,services,course,mother,2,1,0,no,no,yes,yes,yes,yes,yes,no,4,2,3,1,2,1,8,10,11,10,mother,2,1,0,no,no,no,yes,yes,no,4,2,3,1,2,1,0,10,10,10,S283,10.0,10.25,4.0,Average,False
GP,M,17,U,LE3,A,4,1,services,other,home,mother,2,1,0,no,no,yes,yes,yes,yes,yes,yes,4,5,4,2,4,5,30,8,8,8,mother,2,1,0,no,no,no,yes,yes,yes,4,5,4,2,4,5,22,11,11,10,S284,9.0,9.5,26.0,Needs Improvement,False
GP,M,17,U,LE3,A,3,2,teacher,services,home,mother,1,1,1,no,no,no,no,yes,yes,yes,no,4,4,4,3,4,3,19,11,9,10,mother,1,1,0,no,no,no,no,yes,no,4,4,4,3,4,3,18,13,13,13,S285,11.5,11.5,18.5,Average,False
GP,F,18,R,LE3,T,1,1,at_home,other,reputation,mother,2,4,0,no,yes,yes,yes,yes,yes,no,no,5,2,2,1,1,3,1,12,12,12,mother,2,4,0,no,yes,no,yes,yes,no,5,2,2,1,1,3,2,17,17,18,S286,15.0,14.5,1.5,Good,False
GP,F,18,U,GT3,T,1,1,other,other,home,mother,2,2,0,yes,no,no,yes,yes,yes,yes,no,5,4,4,1,1,4,4,8,9,10,mother,2,2,0,yes,no,no,yes,yes,no,5,4,4,1,1,4,0,12,13,13,S287,11.5,10.5,2.0,Average,False
GP,F,18,U,GT3,T,1,1,other,other,home,mother,2,2,0,yes,no,no,yes,yes,yes,yes,no,5,4,4,1,1,4,4,8,9,10,mother,2,3,0,no,no,no,yes,yes,no,4,5,5,1,2,2,0,14,14,14,S288,12.0,11.25,2.0,Average,False
GP,F,17,U,GT3,T,2,2,other,other,course,mother,1,2,0,no,yes,no,no,no,yes,yes,no,5,4,5,1,2,5,4,10,9,11,mother,1,2,0,no,yes,no,no,yes,no,5,4,5,1,2,5,12,12,12,14,S289,12.5,10.75,8.0,Average,False
GP,M,17,U,GT3,T,1,1,other,other,reputation,father,1,2,0,no,no,yes,no,no,yes,yes,no,4,3,3,1,2,4,2,12,10,11,father,1,2,0,no,no,no,no,yes,no,4,3,3,1,2,4,0,12,12,12,S290,11.5,11.5,1.0,Average,False
GP,F,18,U,GT3,T,2,2,at_home,at_home,other,mother,1,3,0,no,yes,yes,no,yes,yes,yes,no,4,3,3,1,2,2,5,18,18,19,mother,1,3,0,no,yes,no,no,yes,no,4,3,3,1,2,2,0,18,18,18,S291,18.5,18.0,2.5,Excellent,False
GP,F,17,U,GT3,T,1,1,services,teacher,reputation,mother,1,3,0,no,yes,yes,no,yes,yes,yes,no,4,3,3,1,1,3,6,13,12,12,mother,1,3,0,no,yes,no,no,yes,no,4,3,3,1,1,3,0,13,13,14,S292,13.0,12.75,3.0,Average,False
GP,M,18,U,GT3,T,2,1,services,services,reputation,mother,1,3,0,no,no,yes,yes,yes,yes,yes,no,4,2,4,1,3,2,6,15,14,14,mother,1,3,0,no,no,no,yes,yes,no,4,2,4,1,3,2,0,14,15,15,S293,14.5,14.5,3.0,Good,False
GP,M,18,U,LE3,A,4,4,teacher,teacher,reputation,mother,1,2,0,no,yes,yes,yes,yes,yes,yes,no,5,4,3,1,1,2,9,15,13,15,mother,1,2,0,no,yes,no,yes,yes,no,5,4,3,1,1,2,0,17,17,17,S294,16.0,15.5,4.5,Good,False
GP,M,18,U,GT3,T,4,2,teacher,other,home,mother,1,2,0,no,yes,yes,yes,yes,yes,yes,yes,4,3,2,1,4,5,11,12,11,11,mother,1,2,0,no,yes,no,yes,yes,yes,4,3,2,1,4,5,2,15,16,16,S295,13.5,13.5,6.5,Good,False
GP,F,17,U,GT3,T,4,3,health,services,reputation,mother,1,3,0,no,yes,yes,no,yes,yes,yes,no,4,2,2,1,2,3,0,15,15,15,mother,1,3,0,no,yes,no,no,yes,no,4,2,2,1,2,3,0,17,18,18,S296,16.5,16.25,0.0,Excellent,False
GP,F,17,R,LE3,T,3,1,services,other,reputation,mother,2,4,0,no,yes,yes,no,yes,yes,no,no,3,1,2,1,1,3,6,18,18,18,mother,2,4,0,no,yes,no,no,yes,no,3,1,2,1,1,3,0,18,19,19,S297,18.5,18.25,3.0,Excellent,False
GP,M,18,R,LE3,T,3,2,services,other,reputation,mother,2,3,0,no,yes,yes,yes,yes,yes,yes,no,5,4,2,1,1,4,8,14,13,14,mother,2,3,0,no,yes,no,yes,yes,no,5,4,2,1,1,4,0,14,15,15,S298,14.5,14.0,4.0,Good,False
GP,M,17,U,GT3,T,3,3,health,other,home,mother,1,1,0,no,yes,yes,no,yes,yes,yes,no,4,4,3,1,3,5,4,14,12,11,mother,1,1,0,no,yes,no,no,yes,no,4,4,3,1,3,5,0,14,15,15,S299,13.0,13.75,2.0,Average,False
GP,F,19,U,GT3,T,4,4,health,other,reputation,other,2,2,0,no,yes,yes,yes,yes,yes,yes,no,2,3,4,2,3,2,0,10,9,0,other,2,2,0,no,yes,no,yes,yes,no,2,3,4,2,3,2,2,14,13,13,S300,6.5,11.5,1.0,Needs Improvement,False
GP,F,18,U,LE3,T,4,3,other,other,home,other,2,2,0,no,yes,yes,no,yes,yes,yes,yes,4,4,5,1,2,2,10,10,8,8,other,2,2,0,no,yes,no,no,yes,yes,4,4,5,1,2,2,0,13,14,14,S301,11.0,11.25,5.0,Average,False
GP,F,18,U,GT3,T,4,3,other,other,reputation,father,1,4,0,no,yes,yes,no,yes,yes,yes,no,4,3,3,1,1,3,0,14,13,14,father,1,4,0,no,yes,no,no,yes,no,4,3,3,1,1,3,0,16,17,17,S302,15.5,15.0,0.0,Good,False
GP,M,18,U,LE3,T,4,4,teacher,teacher,home,mother,1,1,0,no,yes,yes,no,yes,yes,yes,yes,1,4,2,2,2,1,5,16,15,16,mother,1,1,0,no,yes,no,no,yes,yes,1,4,2,2,2,1,0,18,18,17,S303,16.5,16.75,2.5,Excellent,False
GP,F,18,U,LE3,A,4,4,health,other,home,mother,1,2,0,no,yes,no,no,yes,yes,yes,yes,4,2,4,1,1,4,14,12,10,11,mother,1,2,0,no,yes,yes,no,yes,yes,4,2,4,1,1,4,0,14,15,15,S304,13.0,12.75,7.0,Average,False
GP,M,17,U,LE3,T,4,4,other,teacher,home,father,2,1,0,no,no,yes,no,yes,yes,yes,no,4,1,1,2,2,5,0,11,11,10,father,2,1,0,no,no,no,no,yes,no,4,1,1,2,2,5,0,12,13,13,S305,11.5,11.75,0.0,Average,False
GP,F,17,U,GT3,T,4,2,other,other,reputation,mother,2,3,0,no,yes,yes,no,yes,yes,yes,no,4,3,3,1,1,3,0,15,12,14,mother,2,3,0,no,yes,no,no,yes,no,4,3,3,1,1,3,0,16,16,16,S306,15.0,14.75,0.0,Good,False
GP,F,17,U,GT3,T,3,2,health,health,reputation,father,1,4,0,no,yes,yes,yes,no,yes,yes,no,5,2,2,1,2,5,0,17,17,18,father,1,4,0,no,yes,no,yes,yes,no,5,2,2,1,2,5,0,18,18,18,S307,18.0,17.5,0.0,Excellent,False
GP,M,20,U,GT3,A,3,2,services,other,course,other,1,1,0,no,no,no,yes,yes,yes,no,no,5,5,3,1,1,5,0,17,18,18,other,1,1,2,no,no,no,yes,yes,no,5,5,3,1,1,5,0,14,15,15,S308,16.5,16.0,0.0,Excellent,False
GP,M,19,R,GT3,T,3,3,other,services,reputation,father,1,2,1,no,no,no,yes,yes,yes,no,yes,4,5,3,1,2,5,0,15,12,12,father,1,2,0,no,no,no,yes,yes,yes,4,5,3,1,2,5,0,10,10,11,S309,11.5,11.75,0.0,Average,False
GP,F,18,U,GT3,T,2,1,services,other,course,mother,2,2,0,no,yes,yes,yes,yes,yes,yes,no,5,3,3,1,2,1,0,8,8,0,mother,2,2,0,no,yes,no,yes,yes,no,5,3,3,1,2,1,2,12,12,15,S310,7.5,10.0,1.0,Needs Improvement,False
GP,F,18,U,GT3,T,4,3,other,other,course,mother,1,3,0,no,yes,yes,yes,yes,yes,yes,yes,4,3,4,1,1,5,9,9,10,9,mother,1,3,0,no,yes,no,yes,yes,yes,4,3,4,1,1,5,2,14,15,17,S311,13.0,12.0,5.5,Average,False
GP,F,17,R,GT3,T,3,4,at_home,services,course,father,1,3,0,no,yes,yes,yes,no,yes,yes,no,4,3,4,2,5,5,0,11,11,10,father,1,3,0,no,yes,no,yes,yes,no,4,3,4,2,5,5,2,15,15,17,S312,13.5,13.0,1.0,Good,False
GP,F,18,U,GT3,T,4,4,teacher,other,course,mother,1,2,0,no,yes,yes,no,yes,yes,yes,no,4,4,4,3,3,5,2,11,11,11,mother,1,2,0,no,yes,no,no,yes,no,4,4,4,3,3,5,0,12,11,13,S313,12.0,11.25,1.0,Average,False
GP,F,17,U,GT3,A,4,3,services,services,course,mother,1,2,0,no,yes,yes,no,yes,yes,yes,yes,5,2,2,1,2,5,23,13,13,13,mother,1,2,0,no,yes,no,no,yes,yes,5,2,2,1,2,5,14,15,14,17,S314,15.0,13.75,18.5,Good,False
GP,F,17,U,GT3,T,2,2,other,other,course,mother,1,2,0,no,yes,no,no,yes,yes,no,yes,4,2,2,1,1,3,12,11,9,9,mother,1,2,0,no,yes,no,no,yes,yes,4,2,2,1,1,3,4,14,13,13,S315,11.0,11.75,8.0,Average,False
GP,F,17,R,LE3,T,2,2,services,services,course,mother,1,3,0,no,yes,yes,yes,yes,yes,yes,no,3,3,2,2,2,3,3,11,11,11,mother,1,3,0,no,yes,no,yes,yes,no,3,3,2,2,2,3,0,11,11,10,S316,10.5,11.0,1.5,Average,False
GP,F,17,U,GT3,T,3,1,services,services,course,father,1,3,0,no,yes,no,no,no,yes,yes,no,3,4,3,2,3,5,1,12,14,15,father,1,3,0,no,yes,no,no,yes,no,3,4,3,2,3,5,0,17,18,17,S317,16.0,15.25,0.5,Good,False
GP,F,17,U,LE3,T,0,2,at_home,at_home,home,father,2,3,0,no,no,no,no,yes,yes,yes,no,3,3,3,2,3,2,0,16,15,15,father,2,3,0,no,no,no,no,yes,no,3,3,3,2,3,2,0,14,14,15,S318,15.0,14.75,0.0,Good,False
GP,M,18,U,GT3,T,4,4,other,other,course,mother,1,3,0,no,no,no,yes,yes,yes,yes,no,4,3,3,2,2,3,3,9,12,11,mother,1,3,0,no,no,no,yes,yes,no,4,3,3,2,2,3,0,13,14,13,S319,12.0,12.0,1.5,Average,False
GP,M,17,U,GT3,T,3,3,other,services,reputation,mother,1,1,0,no,no,no,yes,no,yes,yes,no,4,3,5,3,5,5,3,14,15,16,mother,1,1,0,no,no,no,yes,yes,no,4,3,5,3,5,5,0,17,18,17,S320,16.5,16.0,1.5,Excellent,False
GP,M,17,R,GT3,T,2,2,services,other,course,mother,4,1,0,no,yes,no,no,yes,yes,yes,no,4,4,5,5,5,4,8,11,10,10,mother,4,1,0,no,yes,no,no,yes,no,4,4,5,5,5,4,2,11,10,10,S321,10.0,10.5,5.0,Average,False
GP,F,17,U,GT3,T,4,4,teacher,services,course,mother,1,3,0,no,yes,yes,yes,yes,yes,yes,no,5,4,4,1,3,4,7,10,9,9,mother,1,2,0,no,yes,yes,no,yes,yes,5,3,1,1,4,5,2,11,11,12,S322,10.5,10.25,4.5,Average,False
GP,F,17,U,GT3,T,4,4,teacher,services,course,mother,1,3,0,no,yes,yes,yes,yes,yes,yes,no,5,4,4,1,3,4,7,10,9,9,mother,1,3,0,no,yes,no,yes,yes,no,5,4,4,1,3,4,0,13,12,13,S323,11.0,11.0,3.5,Average,False
GP,F,17,U,GT3,T,4,4,teacher,teacher,course,mother,2,3,0,no,yes,yes,no,no,yes,yes,yes,4,3,3,1,2,4,4,14,14,14,mother,2,3,0,no,yes,no,no,yes,yes,4,3,3,1,2,4,4,15,14,15,S324,14.5,14.25,4.0,Good,False
GP,M,18,U,LE3,T,2,2,other,other,course,mother,1,4,0,no,yes,no,yes,yes,yes,yes,no,4,5,5,2,4,5,2,9,8,8,mother,1,4,0,no,yes,yes,yes,yes,no,4,5,5,2,4,5,0,11,11,12,S325,10.0,9.75,1.0,Average,False
GP,F,17,R,GT3,T,2,4,at_home,other,course,father,1,3,0,no,yes,no,no,yes,yes,yes,yes,4,4,3,1,1,5,7,12,14,14,father,1,3,0,no,yes,no,no,yes,yes,4,4,3,1,1,5,0,15,15,15,S326,14.5,14.0,3.5,Good,False
GP,F,18,U,GT3,T,3,3,services,services,home,mother,1,2,0,no,no,no,yes,yes,yes,yes,no,5,3,4,1,1,4,0,7,0,0,mother,1,2,0,no,no,no,yes,yes,no,5,3,4,1,1,4,8,10,11,12,S327,6.0,7.0,4.0,Needs Improvement,False
GP,F,18,U,LE3,T,2,2,other,other,home,other,1,2,0,no,no,no,yes,no,yes,yes,yes,4,3,3,1,1,2,0,8,8,0,other,1,2,0,no,no,no,yes,yes,yes,4,3,3,1,1,2,0,10,9,12,S328,6.0,8.75,0.0,Needs Improvement,False
GP,F,18,R,GT3,T,2,2,at_home,other,course,mother,2,4,0,no,no,no,yes,yes,yes,no,no,4,4,4,1,1,4,0,10,9,0,mother,2,4,0,no,no,no,yes,yes,no,4,4,4,1,1,4,6,14,13,14,S329,7.0,11.5,3.0,Needs Improvement,False
GP,F,17,U,GT3,T,3,4,services,other,course,mother,1,3,0,no,no,no,no,yes,yes,yes,no,4,4,5,1,3,5,16,16,15,15,mother,1,3,0,no,no,no,no,yes,no,4,4,5,1,3,5,8,11,13,14,S330,14.5,13.75,12.0,Good,False
GP,F,17,U,GT3,T,3,2,other,other,home,mother,1,2,0,no,yes,yes,no,yes,yes,yes,yes,4,3,2,2,3,2,0,7,8,0,mother,1,2,0,no,yes,no,no,yes,yes,4,3,2,2,3,2,0,12,13,15,S331,7.5,10.0,0.0,Needs Improvement,False
GP,F,18,U,LE3,T,3,3,services,services,home,mother,1,4,0,no,yes,no,no,yes,yes,yes,no,5,3,3,1,1,1,7,16,15,17,mother,1,4,0,no,yes,no,no,yes,no,5,3,3,1,1,1,4,14,14,15,S332,16.0,14.75,5.5,Good,False
GP,F,17,R,GT3,A,3,2,other,other,home,mother,1,2,0,no,yes,yes,no,yes,yes,yes,no,4,3,3,2,3,2,4,9,10,10,mother,1,2,0,no,yes,no,no,yes,no,4,3,3,2,3,2,0,14,14,16,S333,13.0,11.75,2.0,Average,False
GP,M,18,U,GT3,T,4,4,teacher,services,home,father,1,2,1,no,yes,no,yes,yes,yes,yes,no,4,3,3,2,2,2,0,10,10,0,mother,2,1,0,no,no,no,yes,yes,no,3,2,4,1,4,3,6,11,12,12,S334,6.0,10.75,3.0,Needs Improvement,False
GP,M,18,U,GT3,T,4,4,teacher,services,home,father,1,2,1,no,yes,no,yes,yes,yes,yes,no,4,3,3,2,2,2,0,10,10,0,father,1,2,0,no,yes,no,yes,yes,no,4,3,3,2,2,2,0,12,12,13,S335,6.5,11.0,0.0,Needs Improvement,False
GP,M,18,U,LE3,T,3,4,services,other,home,mother,1,2,0,no,no,no,yes,yes,yes,yes,yes,4,3,3,1,3,5,11,16,15,15,mother,1,2,0,no,no,no,yes,yes,yes,4,3,3,1,3,5,6,16,16,17,S336,16.0,15.75,8.5,Good,False
GP,F,17,U,GT3,A,2,2,at_home,at_home,home,father,1,2,1,no,yes,no,no,yes,yes,yes,yes,3,3,1,1,2,4,0,9,8,0,father,1,2,0,no,yes,no,no,yes,yes,3,3,1,1,2,4,18,10,12,14,S337,7.0,9.75,9.0,Needs Improvement,False
GP,F,18,U,GT3,T,2,3,at_home,other,course,mother,1,3,0,no,yes,no,no,yes,yes,yes,no,4,3,3,1,2,3,4,11,10,10,mother,1,3,0,no,yes,no,no,yes,no,4,3,3,1,2,3,0,11,12,14,S338,12.0,11.0,2.0,Average,False
GP,F,18,U,GT3,T,3,2,other,services,other,mother,1,3,0,no,no,no,no,yes,yes,yes,yes,5,4,3,2,3,1,7,13,13,14,mother,1,3,0,no,no,no,no,yes,yes,5,4,3,2,3,1,4,14,16,17,S339,15.5,14.0,5.5,Good,False
GP,M,18,R,GT3,T,4,3,teacher,services,course,mother,1,3,0,no,no,no,no,yes,yes,yes,yes,5,3,2,1,2,4,9,16,15,16,mother,1,3,0,no,no,no,no,yes,yes,5,3,2,1,2,4,4,15,14,17,S340,16.5,15.0,6.5,Excellent,False
GP,M,18,U,GT3,T,4,3,teacher,other,course,mother,1,3,0,no,yes,yes,no,yes,yes,yes,yes,5,4,5,2,3,5,0,10,10,9,mother,1,3,0,no,yes,no,no,yes,yes,5,4,5,2,3,5,0,14,13,14,S341,11.5,11.75,0.0,Average,False
GP,F,17,U,GT3,T,4,3,health,other,reputation,mother,1,3,0,no,yes,yes,yes,yes,yes,yes,yes,4,4,3,1,3,4,0,13,15,15,mother,1,3,0,no,yes,no,yes,yes,yes,4,4,3,1,3,4,0,11,12,13,S342,14.0,12.75,0.0,Good,False
MS,M,18,R,GT3,T,3,2,other,other,course,mother,2,1,1,no,yes,no,no,no,yes,yes,no,2,5,5,5,5,5,10,11,13,13,mother,2,1,0,no,yes,no,no,yes,no,2,5,5,5,5,5,8,9,10,11,S343,12.0,10.75,9.0,Average,False
MS,M,19,R,GT3,T,1,1,other,services,home,other,3,2,3,no,no,no,no,yes,yes,yes,no,5,4,4,3,3,2,8,8,7,8,other,3,2,1,no,no,no,no,yes,no,5,4,4,3,3,2,8,10,9,11,S344,9.5,8.5,8.0,Average,False
MS,M,17,U,GT3,T,3,3,health,other,course,mother,2,2,0,no,yes,yes,no,yes,yes,yes,no,4,5,4,2,3,3,2,13,13,13,mother,2,2,1,no,yes,no,no,yes,no,4,5,4,2,3,3,4,8,9,10,S345,11.5,10.75,3.0,Average,False
MS,M,18,U,LE3,T,1,3,at_home,services,course,mother,1,1,1,no,no,no,no,yes,no,yes,yes,4,3,3,2,3,3,7,8,7,8,mother,1,1,0,no,no,no,no,no,yes,4,3,3,2,3,3,0,9,10,9,S346,8.5,8.5,3.5,Needs Improvement,False
MS,M,19,R,GT3,T,1,1,other,other,home,other,3,1,1,no,yes,no,no,yes,yes,yes,no,4,4,4,3,3,5,4,8,8,8,other,3,1,1,no,yes,no,no,yes,no,4,4,4,3,3,5,4,8,9,10,S347,9.0,8.25,4.0,Needs Improvement,False
MS,M,17,R,GT3,T,4,3,services,other,home,mother,2,2,0,no,yes,yes,yes,no,yes,yes,yes,4,5,5,1,3,2,4,13,11,11,mother,2,2,1,no,yes,yes,yes,yes,yes,4,5,5,1,3,2,4,10,11,11,S348,11.0,11.25,4.0,Average,False
MS,F,18,U,GT3,T,3,3,services,services,course,father,1,2,0,no,yes,no,no,yes,yes,no,yes,5,3,4,1,1,5,0,10,9,9,father,1,2,0,no,yes,no,no,yes,yes,5,3,4,1,1,5,0,10,10,10,S349,9.5,9.75,0.0,Average,False
MS,F,17,R,GT3,T,4,4,teacher,services,other,father,2,2,0,no,yes,yes,yes,yes,yes,yes,no,4,3,3,1,2,5,4,12,13,13,father,2,2,0,no,yes,yes,yes,yes,no,4,3,3,1,2,5,2,12,12,12,S350,12.5,12.25,3.0,Average,False
MS,F,17,U,LE3,A,3,2,services,other,reputation,mother,2,2,0,no,no,no,no,yes,yes,no,yes,1,2,3,1,2,5,2,12,12,11,mother,2,2,0,no,no,no,no,yes,yes,1,2,3,1,2,5,0,15,14,15,S351,13.0,13.25,1.0,Average,False
MS,M,18,U,LE3,T,1,1,other,services,home,father,2,1,0,no,no,no,no,no,yes,yes,yes,3,3,2,1,2,3,4,10,10,10,father,2,1,0,no,no,no,no,yes,yes,3,3,2,1,2,3,2,14,13,14,S352,12.0,11.75,3.0,Average,False
MS,F,18,U,LE3,T,1,1,at_home,services,course,father,2,3,0,no,no,no,no,yes,yes,yes,no,5,3,2,1,1,4,0,18,16,16,father,2,3,0,no,no,no,no,yes,no,5,3,2,1,1,4,0,19,17,18,S353,17.0,17.5,0.0,Excellent,False
MS,F,18,U,GT3,T,3,3,services,services,other,mother,2,2,0,no,yes,no,no,yes,yes,yes,yes,4,3,2,1,3,3,0,11,11,10,mother,2,2,0,no,yes,no,no,yes,yes,4,3,2,1,3,3,6,13,12,13,S354,11.5,11.75,3.0,Average,False
MS,F,17,U,LE3,T,4,4,at_home,at_home,course,mother,1,2,0,no,yes,yes,yes,yes,yes,yes,yes,2,3,4,1,1,1,0,16,15,15,mother,1,2,0,no,yes,no,yes,yes,yes,2,3,4,1,1,1,4,15,14,15,S355,15.0,15.0,2.0,Good,False
MS,F,17,R,GT3,T,1,2,other,services,course,father,2,2,0,no,no,no,no,no,yes,no,no,3,2,2,1,2,3,0,12,11,12,father,2,2,0,no,no,no,no,yes,no,3,2,2,1,2,3,0,13,13,13,S356,12.5,12.25,0.0,Average,False
MS,M,18,R,GT3,T,1,3,at_home,other,course,mother,2,2,0,no,yes,yes,no,yes,yes,no,no,3,3,4,2,4,3,4,10,10,10,mother,2,2,0,no,yes,yes,no,yes,no,3,3,4,2,4,3,0,8,10,9,S357,9.5,9.5,2.0,Average,False
MS,M,18,U,LE3,T,4,4,teacher,services,other,mother,2,3,0,no,no,yes,no,yes,yes,yes,yes,4,2,2,2,2,5,0,13,13,13,mother,2,3,0,no,no,no,no,yes,yes,4,2,2,2,2,5,0,15,16,16,S358,14.5,14.25,0.0,Good,False
MS,F,17,R,GT3,T,1,1,other,services,reputation,mother,3,1,1,no,yes,yes,no,yes,yes,yes,yes,5,2,1,1,2,1,0,7,6,0,mother,3,1,1,no,yes,no,no,yes,yes,5,2,1,1,2,1,0,8,8,9,S359,4.5,7.25,0.0,Needs Improvement,False
MS,F,18,U,GT3,T,2,3,at_home,services,course,father,2,1,0,no,yes,yes,no,yes,yes,yes,yes,5,2,3,1,2,4,0,11,10,10,father,2,1,0,no,yes,no,no,yes,yes,5,2,3,1,2,4,0,10,10,10,S360,10.0,10.25,0.0,Average,False
MS,F,18,R,GT3,T,4,4,other,teacher,other,father,3,2,0,no,yes,yes,no,no,yes,yes,yes,3,2,2,4,2,5,10,14,12,11,father,3,2,0,no,yes,no,no,yes,yes,3,2,2,4,2,5,0,7,5,0,S361,5.5,9.5,5.0,Needs Improvement,False
MS,M,18,R,LE3,T,1,2,at_home,services,other,father,3,1,0,no,yes,yes,yes,yes,no,yes,yes,4,3,3,2,3,3,3,14,12,12,father,3,1,0,no,yes,no,yes,no,yes,4,3,3,2,3,3,3,9,10,10,S362,11.0,11.25,3.0,Average,False
MS,F,17,U,GT3,T,2,2,other,at_home,home,mother,1,3,0,no,no,no,yes,yes,yes,no,yes,3,4,3,1,1,3,8,13,11,11,mother,1,3,0,no,no,no,yes,yes,yes,3,4,3,1,1,3,8,10,11,12,S363,11.5,11.25,8.0,Average,False
MS,F,17,R,GT3,T,1,2,other,other,course,mother,1,1,0,no,no,no,yes,yes,yes,yes,no,3,5,5,1,3,1,14,6,5,5,mother,1,1,0,no,no,no,yes,yes,no,3,5,5,1,3,1,4,7,8,9,S364,7.0,6.5,9.0,Needs Improvement,False
MS,F,18,R,LE3,T,4,4,other,other,reputation,mother,2,3,0,no,no,no,no,yes,yes,yes,no,5,4,4,1,1,1,0,19,18,19,mother,2,3,0,no,no,no,no,yes,no,5,4,4,1,1,1,0,15,17,17,S365,18.0,17.25,0.0,Excellent,False
MS,F,18,R,GT3,T,1,1,other,other,home,mother,4,3,0,no,no,no,no,yes,yes,yes,no,4,3,2,1,2,4,2,8,8,10,mother,4,3,0,no,no,no,no,yes,no,4,3,2,1,2,4,4,10,11,12,S366,11.0,9.25,3.0,Average,False
MS,F,18,R,LE3,T,4,4,teacher,services,course,mother,1,2,0,no,no,yes,yes,yes,yes,yes,no,5,4,3,3,4,2,4,8,9,10,mother,1,2,0,no,no,no,yes,yes,no,5,4,3,3,4,2,1,13,14,14,S367,12.0,11.0,2.5,Average,False
MS,F,18,U,GT3,T,3,3,other,other,home,mother,1,2,0,no,no,yes,no,yes,yes,yes,yes,4,1,3,1,2,1,0,15,15,15,mother,1,2,0,no,no,no,no,yes,yes,4,1,3,1,2,1,1,16,16,16,S368,15.5,15.5,0.5,Good,False
MS,F,17,R,GT3,T,3,1,at_home,other,reputation,mother,1,2,0,no,yes,yes,yes,no,yes,yes,no,4,5,4,2,3,1,17,10,10,10,mother,1,2,0,no,yes,no,yes,yes,no,4,5,4,2,3,1,10,8,9,9,S369,9.5,9.25,13.5,Average,False
MS,M,18,U,GT3,T,4,4,teacher,teacher,home,father,1,2,0,no,no,yes,yes,no,yes,yes,no,3,2,4,1,4,2,4,15,14,14,father,1,2,0,no,no,no,yes,yes,no,3,2,4,1,4,2,4,17,18,19,S370,16.5,16.0,4.0,Excellent,False
MS,M,18,R,GT3,T,2,1,other,other,other,mother,2,1,0,no,no,no,yes,no,yes,yes,yes,4,4,3,1,3,5,5,7,6,7,mother,2,1,0,no,no,no,yes,yes,yes,4,4,3,1,3,5,0,7,7,0,S371,3.5,6.75,2.5,Needs Improvement,False
MS,M,17,U,GT3,T,2,3,other,services,home,father,2,2,0,no,no,no,yes,yes,yes,yes,no,4,4,3,1,1,3,2,11,11,10,father,2,2,0,no,no,no,yes,yes,no,4,4,3,1,1,3,4,14,15,16,S372,13.0,12.75,3.0,Average,False
MS,M,19,R,GT3,T,1,1,other,services,other,mother,2,1,1,no,no,no,no,yes,yes,no,no,4,3,2,1,3,5,0,6,5,0,mother,2,1,1,no,no,no,no,yes,no,4,3,2,1,3,5,0,5,8,0,S373,0.0,6.0,0.0,Needs Improvement,True
MS,M,18,R,GT3,T,4,2,other,other,home,father,2,1,1,no,no,yes,no,yes,yes,no,no,5,4,3,4,3,3,14,6,5,5,father,2,1,1,no,no,yes,no,yes,no,5,4,3,4,3,3,0,7,7,0,S374,2.5,6.25,7.0,Needs Improvement,True
MS,F,18,R,GT3,T,2,2,at_home,other,other,mother,2,3,0,no,no,yes,no,yes,yes,no,no,5,3,3,1,3,4,2,10,9,10,mother,2,3,0,no,no,no,no,yes,no,5,3,3,1,3,4,0,14,17,15,S375,12.5,12.5,1.0,Average,False
MS,F,18,R,GT3,T,4,4,teacher,at_home,reputation,mother,3,1,0,no,yes,yes,yes,yes,yes,yes,yes,4,4,3,2,2,5,7,6,5,6,mother,3,1,0,no,yes,no,yes,yes,yes,4,4,3,2,2,5,4,7,9,10,S376,8.0,6.75,5.5,Needs Improvement,False
MS,F,19,R,GT3,T,2,3,services,other,course,mother,1,3,1,no,no,no,yes,no,yes,yes,no,5,4,2,1,2,5,0,7,5,0,mother,1,3,1,no,no,no,yes,yes,no,5,4,2,1,2,5,4,10,11,10,S377,5.0,8.25,2.0,Needs Improvement,False
MS,F,18,U,LE3,T,3,1,teacher,services,course,mother,1,2,0,no,yes,yes,no,yes,yes,yes,no,4,3,4,1,1,1,0,7,9,8,mother,1,2,0,no,yes,no,no,yes,no,4,3,4,1,1,1,4,15,15,16,S378,12.0,11.5,2.0,Average,False
MS,F,18,U,GT3,T,1,1,other,other,course,mother,2,2,1,no,no,no,yes,yes,yes,no,no,1,1,1,1,1,5,0,6,5,0,mother,3,2,2,no,no,no,yes,yes,yes,3,4,4,2,2,5,3,7,8,7,S379,3.5,6.5,1.5,Needs Improvement,False
MS,F,18,U,GT3,T,1,1,other,other,course,mother,2,2,1,no,no,no,yes,yes,yes,no,no,1,1,1,1,1,5,0,6,5,0,mother,2,2,0,no,no,no,yes,yes,no,1,1,1,1,1,5,6,11,12,9,S380,4.5,8.5,3.0,Needs Improvement,False
MS,M,17,U,LE3,T,3,1,services,services,course,mother,2,1,0,no,no,no,no,no,yes,yes,no,2,4,5,3,4,2,3,14,16,16,mother,2,1,0,no,no,no,no,yes,no,2,4,5,3,4,2,6,10,10,10,S381,13.0,12.5,4.5,Average,False
MS,M,18,R,LE3,T,3,2,services,other,course,mother,3,1,0,no,no,no,no,no,yes,yes,no,4,4,1,3,4,5,0,11,12,10,mother,3,1,0,no,no,no,no,yes,no,4,4,1,3,4,5,4,10,11,11,S382,10.5,11.0,2.0,Average,False
